Transformation ID,Pred Rank,Aryl Halide SMILES,Amine SMILES,Catalyst SMILES,Base SMILES,Solvent SMILES,Product SMILES,Catalyst Name,Base Name,Solvent Name,Trans SMILES,Reaction SMILES,Tested Condition,Prior Fail Count,pred_probability,
T-0,1,C1=CC(=CC=C1C(=O)O)Br,C(CN)C(=O)N,C[NH+]1c2ccccc2-c2ccccc2[Pd-2]1(OS(C)(=O)=O)[P+](C(C)(C)C)(C(C)(C)C)C(C)(C)C,CCN=P(N=P(N(C)C)(N(C)C)N(C)C)(N(C)C)N(C)C,CS(C)=O,C1=CC(=CC=C1C(=O)O)NCCC(=O)N,p(tbu)3-pd-g4,P2Et,DMSO,C1=CC(=CC=C1C(=O)O)Br.C(CN)C(=O)N>>C1=CC(=CC=C1C(=O)O)NCCC(=O)N,C1=CC(=CC=C1C(=O)O)Br.C(CN)C(=O)N.C[NH+]1c2ccccc2-c2ccccc2[Pd-2]1(OS(C)(=O)=O)[P+](C(C)(C)C)(C(C)(C)C)C(C)(C)C.CCN=P(N=P(N(C)C)(N(C)C)N(C)C)(N(C)C)N(C)C.CS(C)=O>>C1=CC(=CC=C1C(=O)O)NCCC(=O)N,FALSE,1,0.955,0
T-0,1,C1=CC(=CC=C1C(=O)O)Br,C(CN)C(=O)N,CC(C)Oc1cccc(OC(C)C)c1-c1ccccc1[P+](C1CCCCC1)(C1CCCCC1)[Pd-2]1(OS(C)(=O)=O)c2ccccc2-c2ccccc2[NH+]1C,CCN=P(N=P(N(C)C)(N(C)C)N(C)C)(N(C)C)N(C)C,CCC(C)(C)O,C1=CC(=CC=C1C(=O)O)NCCC(=O)N,ruphos-pd-g4,P2Et,t-AmOH,C1=CC(=CC=C1C(=O)O)Br.C(CN)C(=O)N>>C1=CC(=CC=C1C(=O)O)NCCC(=O)N,C1=CC(=CC=C1C(=O)O)Br.C(CN)C(=O)N.CC(C)Oc1cccc(OC(C)C)c1-c1ccccc1[P+](C1CCCCC1)(C1CCCCC1)[Pd-2]1(OS(C)(=O)=O)c2ccccc2-c2ccccc2[NH+]1C.CCN=P(N=P(N(C)C)(N(C)C)N(C)C)(N(C)C)N(C)C.CCC(C)(C)O>>C1=CC(=CC=C1C(=O)O)NCCC(=O)N,FALSE,1,0.95,0
T-0,1,C1=CC(=CC=C1C(=O)O)Br,C(CN)C(=O)N,COc1ccc(OC)c([P+](C2CCCCC2)(C2CCCCC2)[Pd-2]2(OS(C)(=O)=O)c3ccccc3-c3ccccc3[NH+]2C)c1-c1c(C(C)C)cc(C(C)C)cc1C(C)C,CCN=P(N=P(N(C)C)(N(C)C)N(C)C)(N(C)C)N(C)C,CCC(C)(C)O,C1=CC(=CC=C1C(=O)O)NCCC(=O)N,brettphos-pd-g4,P2Et,t-AmOH,C1=CC(=CC=C1C(=O)O)Br.C(CN)C(=O)N>>C1=CC(=CC=C1C(=O)O)NCCC(=O)N,C1=CC(=CC=C1C(=O)O)Br.C(CN)C(=O)N.COc1ccc(OC)c([P+](C2CCCCC2)(C2CCCCC2)[Pd-2]2(OS(C)(=O)=O)c3ccccc3-c3ccccc3[NH+]2C)c1-c1c(C(C)C)cc(C(C)C)cc1C(C)C.CCN=P(N=P(N(C)C)(N(C)C)N(C)C)(N(C)C)N(C)C.CCC(C)(C)O>>C1=CC(=CC=C1C(=O)O)NCCC(=O)N,FALSE,1,0.95,9
T-0,1,C1=CC(=CC=C1C(=O)O)Br,C(CN)C(=O)N,CC(C)c1cc(C(C)C)c(-c2ccccc2[P+](C2CCCCC2)(C2CCCCC2)[Pd-2]2(OS(C)(=O)=O)c3ccccc3-c3ccccc3[NH+]2C)c(C(C)C)c1,CCN=P(N=P(N(C)C)(N(C)C)N(C)C)(N(C)C)N(C)C,CC(=O)N(C)C,C1=CC(=CC=C1C(=O)O)NCCC(=O)N,xphos-pd-g4,P2Et,DMA,C1=CC(=CC=C1C(=O)O)Br.C(CN)C(=O)N>>C1=CC(=CC=C1C(=O)O)NCCC(=O)N,C1=CC(=CC=C1C(=O)O)Br.C(CN)C(=O)N.CC(C)c1cc(C(C)C)c(-c2ccccc2[P+](C2CCCCC2)(C2CCCCC2)[Pd-2]2(OS(C)(=O)=O)c3ccccc3-c3ccccc3[NH+]2C)c(C(C)C)c1.CCN=P(N=P(N(C)C)(N(C)C)N(C)C)(N(C)C)N(C)C.CC(=O)N(C)C>>C1=CC(=CC=C1C(=O)O)NCCC(=O)N,FALSE,1,0.945,39
T-0,1,C1=CC(=CC=C1C(=O)O)Br,C(CN)C(=O)N,CC(C)c1cc(C(C)C)c(-c2ccccc2[P+](C2CCCCC2)(C2CCCCC2)[Pd-2]2(OS(C)(=O)=O)c3ccccc3-c3ccccc3[NH+]2C)c(C(C)C)c1,CCN=P(N=P(N(C)C)(N(C)C)N(C)C)(N(C)C)N(C)C,CCC(C)(C)O,C1=CC(=CC=C1C(=O)O)NCCC(=O)N,xphos-pd-g4,P2Et,t-AmOH,C1=CC(=CC=C1C(=O)O)Br.C(CN)C(=O)N>>C1=CC(=CC=C1C(=O)O)NCCC(=O)N,C1=CC(=CC=C1C(=O)O)Br.C(CN)C(=O)N.CC(C)c1cc(C(C)C)c(-c2ccccc2[P+](C2CCCCC2)(C2CCCCC2)[Pd-2]2(OS(C)(=O)=O)c3ccccc3-c3ccccc3[NH+]2C)c(C(C)C)c1.CCN=P(N=P(N(C)C)(N(C)C)N(C)C)(N(C)C)N(C)C.CCC(C)(C)O>>C1=CC(=CC=C1C(=O)O)NCCC(=O)N,FALSE,1,0.945,21
T-0,1,C1=CC(=CC=C1C(=O)O)Br,C(CN)C(=O)N,COc1ccc(OC)c([P+](C2CCCCC2)(C2CCCCC2)[Pd-2]2(OS(C)(=O)=O)c3ccccc3-c3ccccc3[NH+]2C)c1-c1c(C(C)C)cc(C(C)C)cc1C(C)C,CCN=P(N=P(N(C)C)(N(C)C)N(C)C)(N(C)C)N(C)C,Cc1ccccc1,C1=CC(=CC=C1C(=O)O)NCCC(=O)N,brettphos-pd-g4,P2Et,Toluene,C1=CC(=CC=C1C(=O)O)Br.C(CN)C(=O)N>>C1=CC(=CC=C1C(=O)O)NCCC(=O)N,C1=CC(=CC=C1C(=O)O)Br.C(CN)C(=O)N.COc1ccc(OC)c([P+](C2CCCCC2)(C2CCCCC2)[Pd-2]2(OS(C)(=O)=O)c3ccccc3-c3ccccc3[NH+]2C)c1-c1c(C(C)C)cc(C(C)C)cc1C(C)C.CCN=P(N=P(N(C)C)(N(C)C)N(C)C)(N(C)C)N(C)C.Cc1ccccc1>>C1=CC(=CC=C1C(=O)O)NCCC(=O)N,FALSE,1,0.935,8
T-1,1,Brc1cnc2n1cccc2,CCCCNCCCC,CC(C)c1cc(C(C)C)c(-c2ccccc2[P+](C2CCCCC2)(C2CCCCC2)[Pd-2]2(OS(C)(=O)=O)c3ccccc3-c3ccccc3[NH+]2C)c(C(C)C)c1,CCN=P(N=P(N(C)C)(N(C)C)N(C)C)(N(C)C)N(C)C,CCC(C)(C)O,CCCCN(CCCC)c1cnc2ccccn12,xphos-pd-g4,P2Et,t-AmOH,Brc1cnc2n1cccc2.CCCCNCCCC>>CCCCN(CCCC)c1cnc2ccccn12,Brc1cnc2n1cccc2.CCCCNCCCC.CC(C)c1cc(C(C)C)c(-c2ccccc2[P+](C2CCCCC2)(C2CCCCC2)[Pd-2]2(OS(C)(=O)=O)c3ccccc3-c3ccccc3[NH+]2C)c(C(C)C)c1.CCN=P(N=P(N(C)C)(N(C)C)N(C)C)(N(C)C)N(C)C.CCC(C)(C)O>>CCCCN(CCCC)c1cnc2ccccn12,FALSE,24,0.96,26
T-1,1,Brc1cnc2n1cccc2,CCCCNCCCC,CC(C)c1cc(C(C)C)c(-c2ccccc2[P+](C2CCCCC2)(C2CCCCC2)[Pd-2]2(OS(C)(=O)=O)c3ccccc3-c3ccccc3[NH+]2C)c(C(C)C)c1,CCN=P(N=P(N(C)C)(N(C)C)N(C)C)(N(C)C)N(C)C,CC(=O)N(C)C,CCCCN(CCCC)c1cnc2ccccn12,xphos-pd-g4,P2Et,DMA,Brc1cnc2n1cccc2.CCCCNCCCC>>CCCCN(CCCC)c1cnc2ccccn12,Brc1cnc2n1cccc2.CCCCNCCCC.CC(C)c1cc(C(C)C)c(-c2ccccc2[P+](C2CCCCC2)(C2CCCCC2)[Pd-2]2(OS(C)(=O)=O)c3ccccc3-c3ccccc3[NH+]2C)c(C(C)C)c1.CCN=P(N=P(N(C)C)(N(C)C)N(C)C)(N(C)C)N(C)C.CC(=O)N(C)C>>CCCCN(CCCC)c1cnc2ccccn12,FALSE,24,0.945,18
T-1,1,Brc1cnc2n1cccc2,CCCCNCCCC,CC(C)Oc1cccc(OC(C)C)c1-c1ccccc1[P+](C1CCCCC1)(C1CCCCC1)[Pd-2]1(OS(C)(=O)=O)c2ccccc2-c2ccccc2[NH+]1C,CCN=P(N=P(N(C)C)(N(C)C)N(C)C)(N(C)C)N(C)C,CCC(C)(C)O,CCCCN(CCCC)c1cnc2ccccn12,ruphos-pd-g4,P2Et,t-AmOH,Brc1cnc2n1cccc2.CCCCNCCCC>>CCCCN(CCCC)c1cnc2ccccn12,Brc1cnc2n1cccc2.CCCCNCCCC.CC(C)Oc1cccc(OC(C)C)c1-c1ccccc1[P+](C1CCCCC1)(C1CCCCC1)[Pd-2]1(OS(C)(=O)=O)c2ccccc2-c2ccccc2[NH+]1C.CCN=P(N=P(N(C)C)(N(C)C)N(C)C)(N(C)C)N(C)C.CCC(C)(C)O>>CCCCN(CCCC)c1cnc2ccccn12,FALSE,24,0.94,0
T-1,1,Brc1cnc2n1cccc2,CCCCNCCCC,CC(C)c1cc(C(C)C)c(-c2ccccc2[P+](C2CCCCC2)(C2CCCCC2)[Pd-2]2(OS(C)(=O)=O)c3ccccc3-c3ccccc3[NH+]2C)c(C(C)C)c1,CCN=P(N=P(N(C)C)(N(C)C)N(C)C)(N(C)C)N(C)C,Cc1ccccc1,CCCCN(CCCC)c1cnc2ccccn12,xphos-pd-g4,P2Et,Toluene,Brc1cnc2n1cccc2.CCCCNCCCC>>CCCCN(CCCC)c1cnc2ccccn12,Brc1cnc2n1cccc2.CCCCNCCCC.CC(C)c1cc(C(C)C)c(-c2ccccc2[P+](C2CCCCC2)(C2CCCCC2)[Pd-2]2(OS(C)(=O)=O)c3ccccc3-c3ccccc3[NH+]2C)c(C(C)C)c1.CCN=P(N=P(N(C)C)(N(C)C)N(C)C)(N(C)C)N(C)C.Cc1ccccc1>>CCCCN(CCCC)c1cnc2ccccn12,FALSE,24,0.93,10
T-1,1,Brc1cnc2n1cccc2,CCCCNCCCC,COc1ccc(OC)c([P+](C2CCCCC2)(C2CCCCC2)[Pd-2]2(OS(C)(=O)=O)c3ccccc3-c3ccccc3[NH+]2C)c1-c1c(C(C)C)cc(C(C)C)cc1C(C)C,CCN=P(N=P(N(C)C)(N(C)C)N(C)C)(N(C)C)N(C)C,CCC(C)(C)O,CCCCN(CCCC)c1cnc2ccccn12,brettphos-pd-g4,P2Et,t-AmOH,Brc1cnc2n1cccc2.CCCCNCCCC>>CCCCN(CCCC)c1cnc2ccccn12,Brc1cnc2n1cccc2.CCCCNCCCC.COc1ccc(OC)c([P+](C2CCCCC2)(C2CCCCC2)[Pd-2]2(OS(C)(=O)=O)c3ccccc3-c3ccccc3[NH+]2C)c1-c1c(C(C)C)cc(C(C)C)cc1C(C)C.CCN=P(N=P(N(C)C)(N(C)C)N(C)C)(N(C)C)N(C)C.CCC(C)(C)O>>CCCCN(CCCC)c1cnc2ccccn12,FALSE,24,0.925,4
T-1,1,Brc1cnc2n1cccc2,CCCCNCCCC,CC(C)Oc1cccc(OC(C)C)c1-c1ccccc1[P+](C1CCCCC1)(C1CCCCC1)[Pd-2]1(OS(C)(=O)=O)c2ccccc2-c2ccccc2[NH+]1C,CCN=P(N=P(N(C)C)(N(C)C)N(C)C)(N(C)C)N(C)C,CC(=O)N(C)C,CCCCN(CCCC)c1cnc2ccccn12,ruphos-pd-g4,P2Et,DMA,Brc1cnc2n1cccc2.CCCCNCCCC>>CCCCN(CCCC)c1cnc2ccccn12,Brc1cnc2n1cccc2.CCCCNCCCC.CC(C)Oc1cccc(OC(C)C)c1-c1ccccc1[P+](C1CCCCC1)(C1CCCCC1)[Pd-2]1(OS(C)(=O)=O)c2ccccc2-c2ccccc2[NH+]1C.CCN=P(N=P(N(C)C)(N(C)C)N(C)C)(N(C)C)N(C)C.CC(=O)N(C)C>>CCCCN(CCCC)c1cnc2ccccn12,FALSE,24,0.9,0
T-2,1,COC(=O)C1=CC=C(C=C1)Br,C1=C(C=C(C=C1F)F)CN,CC(C)c1cc(C(C)C)c(-c2ccccc2[P+](C2CCCCC2)(C2CCCCC2)[Pd-2]2(OS(C)(=O)=O)c3ccccc3-c3ccccc3[NH+]2C)c(C(C)C)c1,CCN=P(N=P(N(C)C)(N(C)C)N(C)C)(N(C)C)N(C)C,CCC(C)(C)O,COC(=O)C1=CC=C(C=C1)NCC2=CC(=CC(=C2)F)F,xphos-pd-g4,P2Et,t-AmOH,COC(=O)C1=CC=C(C=C1)Br.C1=C(C=C(C=C1F)F)CN>>COC(=O)C1=CC=C(C=C1)NCC2=CC(=CC(=C2)F)F,COC(=O)C1=CC=C(C=C1)Br.C1=C(C=C(C=C1F)F)CN.CC(C)c1cc(C(C)C)c(-c2ccccc2[P+](C2CCCCC2)(C2CCCCC2)[Pd-2]2(OS(C)(=O)=O)c3ccccc3-c3ccccc3[NH+]2C)c(C(C)C)c1.CCN=P(N=P(N(C)C)(N(C)C)N(C)C)(N(C)C)N(C)C.CCC(C)(C)O>>COC(=O)C1=CC=C(C=C1)NCC2=CC(=CC(=C2)F)F,FALSE,2,0.935,0
T-2,1,COC(=O)C1=CC=C(C=C1)Br,C1=C(C=C(C=C1F)F)CN,CC(C)c1cc(C(C)C)c(-c2ccccc2[P+](C2CCCCC2)(C2CCCCC2)[Pd-2]2(OS(C)(=O)=O)c3ccccc3-c3ccccc3[NH+]2C)c(C(C)C)c1,CCN=P(N=P(N(C)C)(N(C)C)N(C)C)(N(C)C)N(C)C,CC(=O)N(C)C,COC(=O)C1=CC=C(C=C1)NCC2=CC(=CC(=C2)F)F,xphos-pd-g4,P2Et,DMA,COC(=O)C1=CC=C(C=C1)Br.C1=C(C=C(C=C1F)F)CN>>COC(=O)C1=CC=C(C=C1)NCC2=CC(=CC(=C2)F)F,COC(=O)C1=CC=C(C=C1)Br.C1=C(C=C(C=C1F)F)CN.CC(C)c1cc(C(C)C)c(-c2ccccc2[P+](C2CCCCC2)(C2CCCCC2)[Pd-2]2(OS(C)(=O)=O)c3ccccc3-c3ccccc3[NH+]2C)c(C(C)C)c1.CCN=P(N=P(N(C)C)(N(C)C)N(C)C)(N(C)C)N(C)C.CC(=O)N(C)C>>COC(=O)C1=CC=C(C=C1)NCC2=CC(=CC(=C2)F)F,FALSE,2,0.93,0
T-2,1,COC(=O)C1=CC=C(C=C1)Br,C1=C(C=C(C=C1F)F)CN,COc1ccc(OC)c([P+](C2CCCCC2)(C2CCCCC2)[Pd-2]2(OS(C)(=O)=O)c3ccccc3-c3ccccc3[NH+]2C)c1-c1c(C(C)C)cc(C(C)C)cc1C(C)C,CCN=P(N=P(N(C)C)(N(C)C)N(C)C)(N(C)C)N(C)C,CCC(C)(C)O,COC(=O)C1=CC=C(C=C1)NCC2=CC(=CC(=C2)F)F,brettphos-pd-g4,P2Et,t-AmOH,COC(=O)C1=CC=C(C=C1)Br.C1=C(C=C(C=C1F)F)CN>>COC(=O)C1=CC=C(C=C1)NCC2=CC(=CC(=C2)F)F,COC(=O)C1=CC=C(C=C1)Br.C1=C(C=C(C=C1F)F)CN.COc1ccc(OC)c([P+](C2CCCCC2)(C2CCCCC2)[Pd-2]2(OS(C)(=O)=O)c3ccccc3-c3ccccc3[NH+]2C)c1-c1c(C(C)C)cc(C(C)C)cc1C(C)C.CCN=P(N=P(N(C)C)(N(C)C)N(C)C)(N(C)C)N(C)C.CCC(C)(C)O>>COC(=O)C1=CC=C(C=C1)NCC2=CC(=CC(=C2)F)F,FALSE,2,0.92,15
T-2,1,COC(=O)C1=CC=C(C=C1)Br,C1=C(C=C(C=C1F)F)CN,CC(C)Oc1cccc(OC(C)C)c1-c1ccccc1[P+](C1CCCCC1)(C1CCCCC1)[Pd-2]1(OS(C)(=O)=O)c2ccccc2-c2ccccc2[NH+]1C,CCN=P(N=P(N(C)C)(N(C)C)N(C)C)(N(C)C)N(C)C,CCC(C)(C)O,COC(=O)C1=CC=C(C=C1)NCC2=CC(=CC(=C2)F)F,ruphos-pd-g4,P2Et,t-AmOH,COC(=O)C1=CC=C(C=C1)Br.C1=C(C=C(C=C1F)F)CN>>COC(=O)C1=CC=C(C=C1)NCC2=CC(=CC(=C2)F)F,COC(=O)C1=CC=C(C=C1)Br.C1=C(C=C(C=C1F)F)CN.CC(C)Oc1cccc(OC(C)C)c1-c1ccccc1[P+](C1CCCCC1)(C1CCCCC1)[Pd-2]1(OS(C)(=O)=O)c2ccccc2-c2ccccc2[NH+]1C.CCN=P(N=P(N(C)C)(N(C)C)N(C)C)(N(C)C)N(C)C.CCC(C)(C)O>>COC(=O)C1=CC=C(C=C1)NCC2=CC(=CC(=C2)F)F,FALSE,2,0.915,33
T-2,1,COC(=O)C1=CC=C(C=C1)Br,C1=C(C=C(C=C1F)F)CN,CC(C)c1cc(C(C)C)c(-c2ccccc2[P+](C2CCCCC2)(C2CCCCC2)[Pd-2]2(OS(C)(=O)=O)c3ccccc3-c3ccccc3[NH+]2C)c(C(C)C)c1,CCN=P(N=P(N(C)C)(N(C)C)N(C)C)(N(C)C)N(C)C,Cc1ccccc1,COC(=O)C1=CC=C(C=C1)NCC2=CC(=CC(=C2)F)F,xphos-pd-g4,P2Et,Toluene,COC(=O)C1=CC=C(C=C1)Br.C1=C(C=C(C=C1F)F)CN>>COC(=O)C1=CC=C(C=C1)NCC2=CC(=CC(=C2)F)F,COC(=O)C1=CC=C(C=C1)Br.C1=C(C=C(C=C1F)F)CN.CC(C)c1cc(C(C)C)c(-c2ccccc2[P+](C2CCCCC2)(C2CCCCC2)[Pd-2]2(OS(C)(=O)=O)c3ccccc3-c3ccccc3[NH+]2C)c(C(C)C)c1.CCN=P(N=P(N(C)C)(N(C)C)N(C)C)(N(C)C)N(C)C.Cc1ccccc1>>COC(=O)C1=CC=C(C=C1)NCC2=CC(=CC(=C2)F)F,FALSE,2,0.905,1
T-2,1,COC(=O)C1=CC=C(C=C1)Br,C1=C(C=C(C=C1F)F)CN,CC(C)Oc1cccc(OC(C)C)c1-c1ccccc1[P+](C1CCCCC1)(C1CCCCC1)[Pd-2]1(OS(C)(=O)=O)c2ccccc2-c2ccccc2[NH+]1C,CCN=P(N=P(N(C)C)(N(C)C)N(C)C)(N(C)C)N(C)C,CS(C)=O,COC(=O)C1=CC=C(C=C1)NCC2=CC(=CC(=C2)F)F,ruphos-pd-g4,P2Et,DMSO,COC(=O)C1=CC=C(C=C1)Br.C1=C(C=C(C=C1F)F)CN>>COC(=O)C1=CC=C(C=C1)NCC2=CC(=CC(=C2)F)F,COC(=O)C1=CC=C(C=C1)Br.C1=C(C=C(C=C1F)F)CN.CC(C)Oc1cccc(OC(C)C)c1-c1ccccc1[P+](C1CCCCC1)(C1CCCCC1)[Pd-2]1(OS(C)(=O)=O)c2ccccc2-c2ccccc2[NH+]1C.CCN=P(N=P(N(C)C)(N(C)C)N(C)C)(N(C)C)N(C)C.CS(C)=O>>COC(=O)C1=CC=C(C=C1)NCC2=CC(=CC(=C2)F)F,FALSE,2,0.905,37
T-3,1,C1=C(C=NC=C1Br)C(F)(F)F,CN,CC(C)c1cc(C(C)C)c(-c2ccccc2[P+](C2CCCCC2)(C2CCCCC2)[Pd-2]2(OS(C)(=O)=O)c3ccccc3-c3ccccc3[NH+]2C)c(C(C)C)c1,CCN=P(N=P(N(C)C)(N(C)C)N(C)C)(N(C)C)N(C)C,CC(=O)N(C)C,CNC1=CN=CC(=C1)C(F)(F)F,xphos-pd-g4,P2Et,DMA,C1=C(C=NC=C1Br)C(F)(F)F.CN>>CNC1=CN=CC(=C1)C(F)(F)F,C1=C(C=NC=C1Br)C(F)(F)F.CN.CC(C)c1cc(C(C)C)c(-c2ccccc2[P+](C2CCCCC2)(C2CCCCC2)[Pd-2]2(OS(C)(=O)=O)c3ccccc3-c3ccccc3[NH+]2C)c(C(C)C)c1.CCN=P(N=P(N(C)C)(N(C)C)N(C)C)(N(C)C)N(C)C.CC(=O)N(C)C>>CNC1=CN=CC(=C1)C(F)(F)F,FALSE,2,0.89,11
T-3,1,C1=C(C=NC=C1Br)C(F)(F)F,CN,CC(C)c1cc(C(C)C)c(-c2ccccc2[P+](C2CCCCC2)(C2CCCCC2)[Pd-2]2(OS(C)(=O)=O)c3ccccc3-c3ccccc3[NH+]2C)c(C(C)C)c1,CCN=P(N=P(N(C)C)(N(C)C)N(C)C)(N(C)C)N(C)C,CCC(C)(C)O,CNC1=CN=CC(=C1)C(F)(F)F,xphos-pd-g4,P2Et,t-AmOH,C1=C(C=NC=C1Br)C(F)(F)F.CN>>CNC1=CN=CC(=C1)C(F)(F)F,C1=C(C=NC=C1Br)C(F)(F)F.CN.CC(C)c1cc(C(C)C)c(-c2ccccc2[P+](C2CCCCC2)(C2CCCCC2)[Pd-2]2(OS(C)(=O)=O)c3ccccc3-c3ccccc3[NH+]2C)c(C(C)C)c1.CCN=P(N=P(N(C)C)(N(C)C)N(C)C)(N(C)C)N(C)C.CCC(C)(C)O>>CNC1=CN=CC(=C1)C(F)(F)F,FALSE,2,0.88,17
T-3,1,C1=C(C=NC=C1Br)C(F)(F)F,CN,COc1ccc(OC)c([P+](C2CCCCC2)(C2CCCCC2)[Pd-2]2(OS(C)(=O)=O)c3ccccc3-c3ccccc3[NH+]2C)c1-c1c(C(C)C)cc(C(C)C)cc1C(C)C,CCN=P(N=P(N(C)C)(N(C)C)N(C)C)(N(C)C)N(C)C,CCC(C)(C)O,CNC1=CN=CC(=C1)C(F)(F)F,brettphos-pd-g4,P2Et,t-AmOH,C1=C(C=NC=C1Br)C(F)(F)F.CN>>CNC1=CN=CC(=C1)C(F)(F)F,C1=C(C=NC=C1Br)C(F)(F)F.CN.COc1ccc(OC)c([P+](C2CCCCC2)(C2CCCCC2)[Pd-2]2(OS(C)(=O)=O)c3ccccc3-c3ccccc3[NH+]2C)c1-c1c(C(C)C)cc(C(C)C)cc1C(C)C.CCN=P(N=P(N(C)C)(N(C)C)N(C)C)(N(C)C)N(C)C.CCC(C)(C)O>>CNC1=CN=CC(=C1)C(F)(F)F,FALSE,2,0.88,36
T-3,1,C1=C(C=NC=C1Br)C(F)(F)F,CN,COc1ccc(OC)c([P+](C2CCCCC2)(C2CCCCC2)[Pd-2]2(OS(C)(=O)=O)c3ccccc3-c3ccccc3[NH+]2C)c1-c1c(C(C)C)cc(C(C)C)cc1C(C)C,CCN=P(N=P(N(C)C)(N(C)C)N(C)C)(N(C)C)N(C)C,CS(C)=O,CNC1=CN=CC(=C1)C(F)(F)F,brettphos-pd-g4,P2Et,DMSO,C1=C(C=NC=C1Br)C(F)(F)F.CN>>CNC1=CN=CC(=C1)C(F)(F)F,C1=C(C=NC=C1Br)C(F)(F)F.CN.COc1ccc(OC)c([P+](C2CCCCC2)(C2CCCCC2)[Pd-2]2(OS(C)(=O)=O)c3ccccc3-c3ccccc3[NH+]2C)c1-c1c(C(C)C)cc(C(C)C)cc1C(C)C.CCN=P(N=P(N(C)C)(N(C)C)N(C)C)(N(C)C)N(C)C.CS(C)=O>>CNC1=CN=CC(=C1)C(F)(F)F,FALSE,2,0.87,31
T-3,1,C1=C(C=NC=C1Br)C(F)(F)F,CN,CC(C)Oc1cccc(OC(C)C)c1-c1ccccc1[P+](C1CCCCC1)(C1CCCCC1)[Pd-2]1(OS(C)(=O)=O)c2ccccc2-c2ccccc2[NH+]1C,CCN=P(N=P(N(C)C)(N(C)C)N(C)C)(N(C)C)N(C)C,CCC(C)(C)O,CNC1=CN=CC(=C1)C(F)(F)F,ruphos-pd-g4,P2Et,t-AmOH,C1=C(C=NC=C1Br)C(F)(F)F.CN>>CNC1=CN=CC(=C1)C(F)(F)F,C1=C(C=NC=C1Br)C(F)(F)F.CN.CC(C)Oc1cccc(OC(C)C)c1-c1ccccc1[P+](C1CCCCC1)(C1CCCCC1)[Pd-2]1(OS(C)(=O)=O)c2ccccc2-c2ccccc2[NH+]1C.CCN=P(N=P(N(C)C)(N(C)C)N(C)C)(N(C)C)N(C)C.CCC(C)(C)O>>CNC1=CN=CC(=C1)C(F)(F)F,FALSE,2,0.865,28
T-3,1,C1=C(C=NC=C1Br)C(F)(F)F,CN,CC(C)Oc1cccc(OC(C)C)c1-c1ccccc1[P+](C1CCCCC1)(C1CCCCC1)[Pd-2]1(OS(C)(=O)=O)c2ccccc2-c2ccccc2[NH+]1C,CCN=P(N=P(N(C)C)(N(C)C)N(C)C)(N(C)C)N(C)C,CS(C)=O,CNC1=CN=CC(=C1)C(F)(F)F,ruphos-pd-g4,P2Et,DMSO,C1=C(C=NC=C1Br)C(F)(F)F.CN>>CNC1=CN=CC(=C1)C(F)(F)F,C1=C(C=NC=C1Br)C(F)(F)F.CN.CC(C)Oc1cccc(OC(C)C)c1-c1ccccc1[P+](C1CCCCC1)(C1CCCCC1)[Pd-2]1(OS(C)(=O)=O)c2ccccc2-c2ccccc2[NH+]1C.CCN=P(N=P(N(C)C)(N(C)C)N(C)C)(N(C)C)N(C)C.CS(C)=O>>CNC1=CN=CC(=C1)C(F)(F)F,FALSE,2,0.86,27
T-4,1,C1=CC(=C(N=C1)Br)Cl,CN1CC(C1)N,CC(C)c1cc(C(C)C)c(-c2ccccc2[P+](C2CCCCC2)(C2CCCCC2)[Pd-2]2(OS(C)(=O)=O)c3ccccc3-c3ccccc3[NH+]2C)c(C(C)C)c1,CCN=P(N=P(N(C)C)(N(C)C)N(C)C)(N(C)C)N(C)C,CC(=O)N(C)C,CN1CC(C1)NC2=C(C=CC=N2)Cl,xphos-pd-g4,P2Et,DMA,C1=CC(=C(N=C1)Br)Cl.CN1CC(C1)N>>CN1CC(C1)NC2=C(C=CC=N2)Cl,C1=CC(=C(N=C1)Br)Cl.CN1CC(C1)N.CC(C)c1cc(C(C)C)c(-c2ccccc2[P+](C2CCCCC2)(C2CCCCC2)[Pd-2]2(OS(C)(=O)=O)c3ccccc3-c3ccccc3[NH+]2C)c(C(C)C)c1.CCN=P(N=P(N(C)C)(N(C)C)N(C)C)(N(C)C)N(C)C.CC(=O)N(C)C>>CN1CC(C1)NC2=C(C=CC=N2)Cl,FALSE,1,0.895,
T-4,1,C1=CC(=C(N=C1)Br)Cl,CN1CC(C1)N,COc1ccc(OC)c([P+](C2CCCCC2)(C2CCCCC2)[Pd-2]2(OS(C)(=O)=O)c3ccccc3-c3ccccc3[NH+]2C)c1-c1c(C(C)C)cc(C(C)C)cc1C(C)C,CCN=P(N=P(N(C)C)(N(C)C)N(C)C)(N(C)C)N(C)C,CCC(C)(C)O,CN1CC(C1)NC2=C(C=CC=N2)Cl,brettphos-pd-g4,P2Et,t-AmOH,C1=CC(=C(N=C1)Br)Cl.CN1CC(C1)N>>CN1CC(C1)NC2=C(C=CC=N2)Cl,C1=CC(=C(N=C1)Br)Cl.CN1CC(C1)N.COc1ccc(OC)c([P+](C2CCCCC2)(C2CCCCC2)[Pd-2]2(OS(C)(=O)=O)c3ccccc3-c3ccccc3[NH+]2C)c1-c1c(C(C)C)cc(C(C)C)cc1C(C)C.CCN=P(N=P(N(C)C)(N(C)C)N(C)C)(N(C)C)N(C)C.CCC(C)(C)O>>CN1CC(C1)NC2=C(C=CC=N2)Cl,FALSE,1,0.895,
T-4,1,C1=CC(=C(N=C1)Br)Cl,CN1CC(C1)N,CC(C)c1cc(C(C)C)c(-c2ccccc2[P+](C2CCCCC2)(C2CCCCC2)[Pd-2]2(OS(C)(=O)=O)c3ccccc3-c3ccccc3[NH+]2C)c(C(C)C)c1,CCN=P(N=P(N(C)C)(N(C)C)N(C)C)(N(C)C)N(C)C,CCC(C)(C)O,CN1CC(C1)NC2=C(C=CC=N2)Cl,xphos-pd-g4,P2Et,t-AmOH,C1=CC(=C(N=C1)Br)Cl.CN1CC(C1)N>>CN1CC(C1)NC2=C(C=CC=N2)Cl,C1=CC(=C(N=C1)Br)Cl.CN1CC(C1)N.CC(C)c1cc(C(C)C)c(-c2ccccc2[P+](C2CCCCC2)(C2CCCCC2)[Pd-2]2(OS(C)(=O)=O)c3ccccc3-c3ccccc3[NH+]2C)c(C(C)C)c1.CCN=P(N=P(N(C)C)(N(C)C)N(C)C)(N(C)C)N(C)C.CCC(C)(C)O>>CN1CC(C1)NC2=C(C=CC=N2)Cl,FALSE,1,0.888653846,
T-4,1,C1=CC(=C(N=C1)Br)Cl,CN1CC(C1)N,C[NH+]1c2ccccc2-c2ccccc2[Pd-2]1(OS(C)(=O)=O)[P+](C(C)(C)C)(C(C)(C)C)C(C)(C)C,CCN=P(N=P(N(C)C)(N(C)C)N(C)C)(N(C)C)N(C)C,CS(C)=O,CN1CC(C1)NC2=C(C=CC=N2)Cl,p(tbu)3-pd-g4,P2Et,DMSO,C1=CC(=C(N=C1)Br)Cl.CN1CC(C1)N>>CN1CC(C1)NC2=C(C=CC=N2)Cl,C1=CC(=C(N=C1)Br)Cl.CN1CC(C1)N.C[NH+]1c2ccccc2-c2ccccc2[Pd-2]1(OS(C)(=O)=O)[P+](C(C)(C)C)(C(C)(C)C)C(C)(C)C.CCN=P(N=P(N(C)C)(N(C)C)N(C)C)(N(C)C)N(C)C.CS(C)=O>>CN1CC(C1)NC2=C(C=CC=N2)Cl,FALSE,1,0.885,
T-4,1,C1=CC(=C(N=C1)Br)Cl,CN1CC(C1)N,CC(C)Oc1cccc(OC(C)C)c1-c1ccccc1[P+](C1CCCCC1)(C1CCCCC1)[Pd-2]1(OS(C)(=O)=O)c2ccccc2-c2ccccc2[NH+]1C,CCN=P(N=P(N(C)C)(N(C)C)N(C)C)(N(C)C)N(C)C,CCC(C)(C)O,CN1CC(C1)NC2=C(C=CC=N2)Cl,ruphos-pd-g4,P2Et,t-AmOH,C1=CC(=C(N=C1)Br)Cl.CN1CC(C1)N>>CN1CC(C1)NC2=C(C=CC=N2)Cl,C1=CC(=C(N=C1)Br)Cl.CN1CC(C1)N.CC(C)Oc1cccc(OC(C)C)c1-c1ccccc1[P+](C1CCCCC1)(C1CCCCC1)[Pd-2]1(OS(C)(=O)=O)c2ccccc2-c2ccccc2[NH+]1C.CCN=P(N=P(N(C)C)(N(C)C)N(C)C)(N(C)C)N(C)C.CCC(C)(C)O>>CN1CC(C1)NC2=C(C=CC=N2)Cl,FALSE,1,0.865,
T-4,1,C1=CC(=C(N=C1)Br)Cl,CN1CC(C1)N,COc1ccc(OC)c([P+](C2CCCCC2)(C2CCCCC2)[Pd-2]2(OS(C)(=O)=O)c3ccccc3-c3ccccc3[NH+]2C)c1-c1c(C(C)C)cc(C(C)C)cc1C(C)C,CCN=P(N=P(N(C)C)(N(C)C)N(C)C)(N(C)C)N(C)C,CS(C)=O,CN1CC(C1)NC2=C(C=CC=N2)Cl,brettphos-pd-g4,P2Et,DMSO,C1=CC(=C(N=C1)Br)Cl.CN1CC(C1)N>>CN1CC(C1)NC2=C(C=CC=N2)Cl,C1=CC(=C(N=C1)Br)Cl.CN1CC(C1)N.COc1ccc(OC)c([P+](C2CCCCC2)(C2CCCCC2)[Pd-2]2(OS(C)(=O)=O)c3ccccc3-c3ccccc3[NH+]2C)c1-c1c(C(C)C)cc(C(C)C)cc1C(C)C.CCN=P(N=P(N(C)C)(N(C)C)N(C)C)(N(C)C)N(C)C.CS(C)=O>>CN1CC(C1)NC2=C(C=CC=N2)Cl,FALSE,1,0.855,
T-5,1,COC1=CC=C(C=C1)Br, CC(C)(C(=O)OC)N,CC(C)c1cc(C(C)C)c(-c2ccccc2[P+](C2CCCCC2)(C2CCCCC2)[Pd-2]2(OS(C)(=O)=O)c3ccccc3-c3ccccc3[NH+]2C)c(C(C)C)c1,CCN=P(N=P(N(C)C)(N(C)C)N(C)C)(N(C)C)N(C)C,CC(=O)N(C)C,CC(C)(C(=O)OC)NC1=CC=C(C=C1)OC,xphos-pd-g4,P2Et,DMA,COC1=CC=C(C=C1)Br. CC(C)(C(=O)OC)N>>CC(C)(C(=O)OC)NC1=CC=C(C=C1)OC,COC1=CC=C(C=C1)Br. CC(C)(C(=O)OC)N.CC(C)c1cc(C(C)C)c(-c2ccccc2[P+](C2CCCCC2)(C2CCCCC2)[Pd-2]2(OS(C)(=O)=O)c3ccccc3-c3ccccc3[NH+]2C)c(C(C)C)c1.CCN=P(N=P(N(C)C)(N(C)C)N(C)C)(N(C)C)N(C)C.CC(=O)N(C)C>>CC(C)(C(=O)OC)NC1=CC=C(C=C1)OC,FALSE,1,0.87875,34
T-5,1,COC1=CC=C(C=C1)Br, CC(C)(C(=O)OC)N,COc1ccc(OC)c([P+](C2CCCCC2)(C2CCCCC2)[Pd-2]2(OS(C)(=O)=O)c3ccccc3-c3ccccc3[NH+]2C)c1-c1c(C(C)C)cc(C(C)C)cc1C(C)C,CCN=P(N=P(N(C)C)(N(C)C)N(C)C)(N(C)C)N(C)C,CCC(C)(C)O,CC(C)(C(=O)OC)NC1=CC=C(C=C1)OC,brettphos-pd-g4,P2Et,t-AmOH,COC1=CC=C(C=C1)Br. CC(C)(C(=O)OC)N>>CC(C)(C(=O)OC)NC1=CC=C(C=C1)OC,COC1=CC=C(C=C1)Br. CC(C)(C(=O)OC)N.COc1ccc(OC)c([P+](C2CCCCC2)(C2CCCCC2)[Pd-2]2(OS(C)(=O)=O)c3ccccc3-c3ccccc3[NH+]2C)c1-c1c(C(C)C)cc(C(C)C)cc1C(C)C.CCN=P(N=P(N(C)C)(N(C)C)N(C)C)(N(C)C)N(C)C.CCC(C)(C)O>>CC(C)(C(=O)OC)NC1=CC=C(C=C1)OC,FALSE,1,0.86375,17
T-5,1,COC1=CC=C(C=C1)Br, CC(C)(C(=O)OC)N,CC(C)c1cc(C(C)C)c(-c2ccccc2[P+](C2CCCCC2)(C2CCCCC2)[Pd-2]2(OS(C)(=O)=O)c3ccccc3-c3ccccc3[NH+]2C)c(C(C)C)c1,CCN=P(N=P(N(C)C)(N(C)C)N(C)C)(N(C)C)N(C)C,CCC(C)(C)O,CC(C)(C(=O)OC)NC1=CC=C(C=C1)OC,xphos-pd-g4,P2Et,t-AmOH,COC1=CC=C(C=C1)Br. CC(C)(C(=O)OC)N>>CC(C)(C(=O)OC)NC1=CC=C(C=C1)OC,COC1=CC=C(C=C1)Br. CC(C)(C(=O)OC)N.CC(C)c1cc(C(C)C)c(-c2ccccc2[P+](C2CCCCC2)(C2CCCCC2)[Pd-2]2(OS(C)(=O)=O)c3ccccc3-c3ccccc3[NH+]2C)c(C(C)C)c1.CCN=P(N=P(N(C)C)(N(C)C)N(C)C)(N(C)C)N(C)C.CCC(C)(C)O>>CC(C)(C(=O)OC)NC1=CC=C(C=C1)OC,FALSE,1,0.85875,22
T-5,1,COC1=CC=C(C=C1)Br, CC(C)(C(=O)OC)N,C[NH+]1c2ccccc2-c2ccccc2[Pd-2]1(OS(C)(=O)=O)[P+](C(C)(C)C)(C(C)(C)C)C(C)(C)C,CCN=P(N=P(N(C)C)(N(C)C)N(C)C)(N(C)C)N(C)C,CS(C)=O,CC(C)(C(=O)OC)NC1=CC=C(C=C1)OC,p(tbu)3-pd-g4,P2Et,DMSO,COC1=CC=C(C=C1)Br. CC(C)(C(=O)OC)N>>CC(C)(C(=O)OC)NC1=CC=C(C=C1)OC,COC1=CC=C(C=C1)Br. CC(C)(C(=O)OC)N.C[NH+]1c2ccccc2-c2ccccc2[Pd-2]1(OS(C)(=O)=O)[P+](C(C)(C)C)(C(C)(C)C)C(C)(C)C.CCN=P(N=P(N(C)C)(N(C)C)N(C)C)(N(C)C)N(C)C.CS(C)=O>>CC(C)(C(=O)OC)NC1=CC=C(C=C1)OC,FALSE,1,0.855,0
T-5,1,COC1=CC=C(C=C1)Br, CC(C)(C(=O)OC)N,COc1ccc(OC)c([P+](C2CCCCC2)(C2CCCCC2)[Pd-2]2(OS(C)(=O)=O)c3ccccc3-c3ccccc3[NH+]2C)c1-c1c(C(C)C)cc(C(C)C)cc1C(C)C,CCN=P(N=P(N(C)C)(N(C)C)N(C)C)(N(C)C)N(C)C,Cc1ccccc1,CC(C)(C(=O)OC)NC1=CC=C(C=C1)OC,brettphos-pd-g4,P2Et,Toluene,COC1=CC=C(C=C1)Br. CC(C)(C(=O)OC)N>>CC(C)(C(=O)OC)NC1=CC=C(C=C1)OC,COC1=CC=C(C=C1)Br. CC(C)(C(=O)OC)N.COc1ccc(OC)c([P+](C2CCCCC2)(C2CCCCC2)[Pd-2]2(OS(C)(=O)=O)c3ccccc3-c3ccccc3[NH+]2C)c1-c1c(C(C)C)cc(C(C)C)cc1C(C)C.CCN=P(N=P(N(C)C)(N(C)C)N(C)C)(N(C)C)N(C)C.Cc1ccccc1>>CC(C)(C(=O)OC)NC1=CC=C(C=C1)OC,FALSE,1,0.84375,0
T-5,1,COC1=CC=C(C=C1)Br, CC(C)(C(=O)OC)N,CC(C)c1cc(C(C)C)c(-c2ccccc2[P+](C2CCCCC2)(C2CCCCC2)[Pd-2]2(OS(C)(=O)=O)c3ccccc3-c3ccccc3[NH+]2C)c(C(C)C)c1,CCN=P(N=P(N(C)C)(N(C)C)N(C)C)(N(C)C)N(C)C,Cc1ccccc1,CC(C)(C(=O)OC)NC1=CC=C(C=C1)OC,xphos-pd-g4,P2Et,Toluene,COC1=CC=C(C=C1)Br. CC(C)(C(=O)OC)N>>CC(C)(C(=O)OC)NC1=CC=C(C=C1)OC,COC1=CC=C(C=C1)Br. CC(C)(C(=O)OC)N.CC(C)c1cc(C(C)C)c(-c2ccccc2[P+](C2CCCCC2)(C2CCCCC2)[Pd-2]2(OS(C)(=O)=O)c3ccccc3-c3ccccc3[NH+]2C)c(C(C)C)c1.CCN=P(N=P(N(C)C)(N(C)C)N(C)C)(N(C)C)N(C)C.Cc1ccccc1>>CC(C)(C(=O)OC)NC1=CC=C(C=C1)OC,FALSE,1,0.83875,18
T-6,1,C1=CC(=C(N=C1)Br)Cl,C1C[C@H](C(=O)NC1)N,CC(C)c1cc(C(C)C)c(-c2ccccc2[P+](C2CCCCC2)(C2CCCCC2)[Pd-2]2(OS(C)(=O)=O)c3ccccc3-c3ccccc3[NH+]2C)c(C(C)C)c1,CCN=P(N=P(N(C)C)(N(C)C)N(C)C)(N(C)C)N(C)C,CCC(C)(C)O,C1C[C@H](C(=O)NC1)NC2=C(C=CC=N2)Cl,xphos-pd-g4,P2Et,t-AmOH,C1=CC(=C(N=C1)Br)Cl.C1C[C@H](C(=O)NC1)N>>C1C[C@H](C(=O)NC1)NC2=C(C=CC=N2)Cl,C1=CC(=C(N=C1)Br)Cl.C1C[C@H](C(=O)NC1)N.CC(C)c1cc(C(C)C)c(-c2ccccc2[P+](C2CCCCC2)(C2CCCCC2)[Pd-2]2(OS(C)(=O)=O)c3ccccc3-c3ccccc3[NH+]2C)c(C(C)C)c1.CCN=P(N=P(N(C)C)(N(C)C)N(C)C)(N(C)C)N(C)C.CCC(C)(C)O>>C1C[C@H](C(=O)NC1)NC2=C(C=CC=N2)Cl,FALSE,1,0.875,
T-6,1,C1=CC(=C(N=C1)Br)Cl,C1C[C@H](C(=O)NC1)N,COc1ccc(OC)c([P+](C2CCCCC2)(C2CCCCC2)[Pd-2]2(OS(C)(=O)=O)c3ccccc3-c3ccccc3[NH+]2C)c1-c1c(C(C)C)cc(C(C)C)cc1C(C)C,CCN=P(N=P(N(C)C)(N(C)C)N(C)C)(N(C)C)N(C)C,CCC(C)(C)O,C1C[C@H](C(=O)NC1)NC2=C(C=CC=N2)Cl,brettphos-pd-g4,P2Et,t-AmOH,C1=CC(=C(N=C1)Br)Cl.C1C[C@H](C(=O)NC1)N>>C1C[C@H](C(=O)NC1)NC2=C(C=CC=N2)Cl,C1=CC(=C(N=C1)Br)Cl.C1C[C@H](C(=O)NC1)N.COc1ccc(OC)c([P+](C2CCCCC2)(C2CCCCC2)[Pd-2]2(OS(C)(=O)=O)c3ccccc3-c3ccccc3[NH+]2C)c1-c1c(C(C)C)cc(C(C)C)cc1C(C)C.CCN=P(N=P(N(C)C)(N(C)C)N(C)C)(N(C)C)N(C)C.CCC(C)(C)O>>C1C[C@H](C(=O)NC1)NC2=C(C=CC=N2)Cl,FALSE,1,0.87,
T-6,1,C1=CC(=C(N=C1)Br)Cl,C1C[C@H](C(=O)NC1)N,CC(C)c1cc(C(C)C)c(-c2ccccc2[P+](C2CCCCC2)(C2CCCCC2)[Pd-2]2(OS(C)(=O)=O)c3ccccc3-c3ccccc3[NH+]2C)c(C(C)C)c1,CCN=P(N=P(N(C)C)(N(C)C)N(C)C)(N(C)C)N(C)C,CC(=O)N(C)C,C1C[C@H](C(=O)NC1)NC2=C(C=CC=N2)Cl,xphos-pd-g4,P2Et,DMA,C1=CC(=C(N=C1)Br)Cl.C1C[C@H](C(=O)NC1)N>>C1C[C@H](C(=O)NC1)NC2=C(C=CC=N2)Cl,C1=CC(=C(N=C1)Br)Cl.C1C[C@H](C(=O)NC1)N.CC(C)c1cc(C(C)C)c(-c2ccccc2[P+](C2CCCCC2)(C2CCCCC2)[Pd-2]2(OS(C)(=O)=O)c3ccccc3-c3ccccc3[NH+]2C)c(C(C)C)c1.CCN=P(N=P(N(C)C)(N(C)C)N(C)C)(N(C)C)N(C)C.CC(=O)N(C)C>>C1C[C@H](C(=O)NC1)NC2=C(C=CC=N2)Cl,FALSE,1,0.855,
T-6,1,C1=CC(=C(N=C1)Br)Cl,C1C[C@H](C(=O)NC1)N,C[NH+]1c2ccccc2-c2ccccc2[Pd-2]1(OS(C)(=O)=O)[P+](C(C)(C)C)(C(C)(C)C)C(C)(C)C,CCN=P(N=P(N(C)C)(N(C)C)N(C)C)(N(C)C)N(C)C,CS(C)=O,C1C[C@H](C(=O)NC1)NC2=C(C=CC=N2)Cl,p(tbu)3-pd-g4,P2Et,DMSO,C1=CC(=C(N=C1)Br)Cl.C1C[C@H](C(=O)NC1)N>>C1C[C@H](C(=O)NC1)NC2=C(C=CC=N2)Cl,C1=CC(=C(N=C1)Br)Cl.C1C[C@H](C(=O)NC1)N.C[NH+]1c2ccccc2-c2ccccc2[Pd-2]1(OS(C)(=O)=O)[P+](C(C)(C)C)(C(C)(C)C)C(C)(C)C.CCN=P(N=P(N(C)C)(N(C)C)N(C)C)(N(C)C)N(C)C.CS(C)=O>>C1C[C@H](C(=O)NC1)NC2=C(C=CC=N2)Cl,FALSE,1,0.845,
T-6,1,C1=CC(=C(N=C1)Br)Cl,C1C[C@H](C(=O)NC1)N,CC(C)Oc1cccc(OC(C)C)c1-c1ccccc1[P+](C1CCCCC1)(C1CCCCC1)[Pd-2]1(OS(C)(=O)=O)c2ccccc2-c2ccccc2[NH+]1C,CCN=P(N=P(N(C)C)(N(C)C)N(C)C)(N(C)C)N(C)C,CCC(C)(C)O,C1C[C@H](C(=O)NC1)NC2=C(C=CC=N2)Cl,ruphos-pd-g4,P2Et,t-AmOH,C1=CC(=C(N=C1)Br)Cl.C1C[C@H](C(=O)NC1)N>>C1C[C@H](C(=O)NC1)NC2=C(C=CC=N2)Cl,C1=CC(=C(N=C1)Br)Cl.C1C[C@H](C(=O)NC1)N.CC(C)Oc1cccc(OC(C)C)c1-c1ccccc1[P+](C1CCCCC1)(C1CCCCC1)[Pd-2]1(OS(C)(=O)=O)c2ccccc2-c2ccccc2[NH+]1C.CCN=P(N=P(N(C)C)(N(C)C)N(C)C)(N(C)C)N(C)C.CCC(C)(C)O>>C1C[C@H](C(=O)NC1)NC2=C(C=CC=N2)Cl,FALSE,1,0.83,
T-6,1,C1=CC(=C(N=C1)Br)Cl,C1C[C@H](C(=O)NC1)N,COc1ccc(OC)c([P+](C2CCCCC2)(C2CCCCC2)[Pd-2]2(OS(C)(=O)=O)c3ccccc3-c3ccccc3[NH+]2C)c1-c1c(C(C)C)cc(C(C)C)cc1C(C)C,CCN=P(N=P(N(C)C)(N(C)C)N(C)C)(N(C)C)N(C)C,CS(C)=O,C1C[C@H](C(=O)NC1)NC2=C(C=CC=N2)Cl,brettphos-pd-g4,P2Et,DMSO,C1=CC(=C(N=C1)Br)Cl.C1C[C@H](C(=O)NC1)N>>C1C[C@H](C(=O)NC1)NC2=C(C=CC=N2)Cl,C1=CC(=C(N=C1)Br)Cl.C1C[C@H](C(=O)NC1)N.COc1ccc(OC)c([P+](C2CCCCC2)(C2CCCCC2)[Pd-2]2(OS(C)(=O)=O)c3ccccc3-c3ccccc3[NH+]2C)c1-c1c(C(C)C)cc(C(C)C)cc1C(C)C.CCN=P(N=P(N(C)C)(N(C)C)N(C)C)(N(C)C)N(C)C.CS(C)=O>>C1C[C@H](C(=O)NC1)NC2=C(C=CC=N2)Cl,FALSE,1,0.83,
T-7,1,Brc1c(CC)cccc1CC,Nc1ncco1,CC(C)c1cc(C(C)C)c(-c2ccccc2[P+](C2CCCCC2)(C2CCCCC2)[Pd-2]2(OS(C)(=O)=O)c3ccccc3-c3ccccc3[NH+]2C)c(C(C)C)c1,CCN=P(N=P(N(C)C)(N(C)C)N(C)C)(N(C)C)N(C)C,CC(=O)N(C)C,CCc1cccc(CC)c1Nc1ncco1,xphos-pd-g4,P2Et,DMA,Brc1c(CC)cccc1CC.Nc1ncco1>>CCc1cccc(CC)c1Nc1ncco1,Brc1c(CC)cccc1CC.Nc1ncco1.CC(C)c1cc(C(C)C)c(-c2ccccc2[P+](C2CCCCC2)(C2CCCCC2)[Pd-2]2(OS(C)(=O)=O)c3ccccc3-c3ccccc3[NH+]2C)c(C(C)C)c1.CCN=P(N=P(N(C)C)(N(C)C)N(C)C)(N(C)C)N(C)C.CC(=O)N(C)C>>CCc1cccc(CC)c1Nc1ncco1,FALSE,24,0.85,28
T-7,1,Brc1c(CC)cccc1CC,Nc1ncco1,CC(C)c1cc(C(C)C)c(-c2ccccc2[P+](C2CCCCC2)(C2CCCCC2)[Pd-2]2(OS(C)(=O)=O)c3ccccc3-c3ccccc3[NH+]2C)c(C(C)C)c1,CCN=P(N=P(N(C)C)(N(C)C)N(C)C)(N(C)C)N(C)C,CCC(C)(C)O,CCc1cccc(CC)c1Nc1ncco1,xphos-pd-g4,P2Et,t-AmOH,Brc1c(CC)cccc1CC.Nc1ncco1>>CCc1cccc(CC)c1Nc1ncco1,Brc1c(CC)cccc1CC.Nc1ncco1.CC(C)c1cc(C(C)C)c(-c2ccccc2[P+](C2CCCCC2)(C2CCCCC2)[Pd-2]2(OS(C)(=O)=O)c3ccccc3-c3ccccc3[NH+]2C)c(C(C)C)c1.CCN=P(N=P(N(C)C)(N(C)C)N(C)C)(N(C)C)N(C)C.CCC(C)(C)O>>CCc1cccc(CC)c1Nc1ncco1,FALSE,24,0.84,19
T-7,1,Brc1c(CC)cccc1CC,Nc1ncco1,CC(C)Oc1cccc(OC(C)C)c1-c1ccccc1[P+](C1CCCCC1)(C1CCCCC1)[Pd-2]1(OS(C)(=O)=O)c2ccccc2-c2ccccc2[NH+]1C,CCN=P(N=P(N(C)C)(N(C)C)N(C)C)(N(C)C)N(C)C,CCC(C)(C)O,CCc1cccc(CC)c1Nc1ncco1,ruphos-pd-g4,P2Et,t-AmOH,Brc1c(CC)cccc1CC.Nc1ncco1>>CCc1cccc(CC)c1Nc1ncco1,Brc1c(CC)cccc1CC.Nc1ncco1.CC(C)Oc1cccc(OC(C)C)c1-c1ccccc1[P+](C1CCCCC1)(C1CCCCC1)[Pd-2]1(OS(C)(=O)=O)c2ccccc2-c2ccccc2[NH+]1C.CCN=P(N=P(N(C)C)(N(C)C)N(C)C)(N(C)C)N(C)C.CCC(C)(C)O>>CCc1cccc(CC)c1Nc1ncco1,FALSE,24,0.83,14
T-7,1,Brc1c(CC)cccc1CC,Nc1ncco1,CC(C)c1cc(C(C)C)c(-c2ccccc2[P+](C2CCCCC2)(C2CCCCC2)[Pd-2]2(OS(C)(=O)=O)c3ccccc3-c3ccccc3[NH+]2C)c(C(C)C)c1,CCN=P(N=P(N(C)C)(N(C)C)N(C)C)(N(C)C)N(C)C,Cc1ccccc1,CCc1cccc(CC)c1Nc1ncco1,xphos-pd-g4,P2Et,Toluene,Brc1c(CC)cccc1CC.Nc1ncco1>>CCc1cccc(CC)c1Nc1ncco1,Brc1c(CC)cccc1CC.Nc1ncco1.CC(C)c1cc(C(C)C)c(-c2ccccc2[P+](C2CCCCC2)(C2CCCCC2)[Pd-2]2(OS(C)(=O)=O)c3ccccc3-c3ccccc3[NH+]2C)c(C(C)C)c1.CCN=P(N=P(N(C)C)(N(C)C)N(C)C)(N(C)C)N(C)C.Cc1ccccc1>>CCc1cccc(CC)c1Nc1ncco1,FALSE,24,0.82,24
T-7,1,Brc1c(CC)cccc1CC,Nc1ncco1,COc1ccc(OC)c([P+](C2CCCCC2)(C2CCCCC2)[Pd-2]2(OS(C)(=O)=O)c3ccccc3-c3ccccc3[NH+]2C)c1-c1c(C(C)C)cc(C(C)C)cc1C(C)C,CCN=P(N=P(N(C)C)(N(C)C)N(C)C)(N(C)C)N(C)C,CCC(C)(C)O,CCc1cccc(CC)c1Nc1ncco1,brettphos-pd-g4,P2Et,t-AmOH,Brc1c(CC)cccc1CC.Nc1ncco1>>CCc1cccc(CC)c1Nc1ncco1,Brc1c(CC)cccc1CC.Nc1ncco1.COc1ccc(OC)c([P+](C2CCCCC2)(C2CCCCC2)[Pd-2]2(OS(C)(=O)=O)c3ccccc3-c3ccccc3[NH+]2C)c1-c1c(C(C)C)cc(C(C)C)cc1C(C)C.CCN=P(N=P(N(C)C)(N(C)C)N(C)C)(N(C)C)N(C)C.CCC(C)(C)O>>CCc1cccc(CC)c1Nc1ncco1,FALSE,24,0.82,0
T-7,1,Brc1c(CC)cccc1CC,Nc1ncco1,CC(C)Oc1cccc(OC(C)C)c1-c1ccccc1[P+](C1CCCCC1)(C1CCCCC1)[Pd-2]1(OS(C)(=O)=O)c2ccccc2-c2ccccc2[NH+]1C,CCN=P(N=P(N(C)C)(N(C)C)N(C)C)(N(C)C)N(C)C,CS(C)=O,CCc1cccc(CC)c1Nc1ncco1,ruphos-pd-g4,P2Et,DMSO,Brc1c(CC)cccc1CC.Nc1ncco1>>CCc1cccc(CC)c1Nc1ncco1,Brc1c(CC)cccc1CC.Nc1ncco1.CC(C)Oc1cccc(OC(C)C)c1-c1ccccc1[P+](C1CCCCC1)(C1CCCCC1)[Pd-2]1(OS(C)(=O)=O)c2ccccc2-c2ccccc2[NH+]1C.CCN=P(N=P(N(C)C)(N(C)C)N(C)C)(N(C)C)N(C)C.CS(C)=O>>CCc1cccc(CC)c1Nc1ncco1,FALSE,24,0.815,7
T-8,1,CC1=CSC(=N1)Cl,C1=CC=C(C=C1)CN,COc1ccc(OC)c([P+](C2CCCCC2)(C2CCCCC2)[Pd-2]2(OS(C)(=O)=O)c3ccccc3-c3ccccc3[NH+]2C)c1-c1c(C(C)C)cc(C(C)C)cc1C(C)C,CCN=P(N=P(N(C)C)(N(C)C)N(C)C)(N(C)C)N(C)C,CCC(C)(C)O,CC1=CSC(=N1)NCC2=CC=CC=C2,brettphos-pd-g4,P2Et,t-AmOH,CC1=CSC(=N1)Cl.C1=CC=C(C=C1)CN>>CC1=CSC(=N1)NCC2=CC=CC=C2,CC1=CSC(=N1)Cl.C1=CC=C(C=C1)CN.COc1ccc(OC)c([P+](C2CCCCC2)(C2CCCCC2)[Pd-2]2(OS(C)(=O)=O)c3ccccc3-c3ccccc3[NH+]2C)c1-c1c(C(C)C)cc(C(C)C)cc1C(C)C.CCN=P(N=P(N(C)C)(N(C)C)N(C)C)(N(C)C)N(C)C.CCC(C)(C)O>>CC1=CSC(=N1)NCC2=CC=CC=C2,FALSE,1,0.85412037,2
T-8,1,CC1=CSC(=N1)Cl,C1=CC=C(C=C1)CN,CC(C)c1cc(C(C)C)c(-c2ccccc2[P+](C2CCCCC2)(C2CCCCC2)[Pd-2]2(OS(C)(=O)=O)c3ccccc3-c3ccccc3[NH+]2C)c(C(C)C)c1,CCN=P(N=P(N(C)C)(N(C)C)N(C)C)(N(C)C)N(C)C,CC(=O)N(C)C,CC1=CSC(=N1)NCC2=CC=CC=C2,xphos-pd-g4,P2Et,DMA,CC1=CSC(=N1)Cl.C1=CC=C(C=C1)CN>>CC1=CSC(=N1)NCC2=CC=CC=C2,CC1=CSC(=N1)Cl.C1=CC=C(C=C1)CN.CC(C)c1cc(C(C)C)c(-c2ccccc2[P+](C2CCCCC2)(C2CCCCC2)[Pd-2]2(OS(C)(=O)=O)c3ccccc3-c3ccccc3[NH+]2C)c(C(C)C)c1.CCN=P(N=P(N(C)C)(N(C)C)N(C)C)(N(C)C)N(C)C.CC(=O)N(C)C>>CC1=CSC(=N1)NCC2=CC=CC=C2,FALSE,1,0.849772727,3
T-8,1,CC1=CSC(=N1)Cl,C1=CC=C(C=C1)CN,CC(C)Oc1cccc(OC(C)C)c1-c1ccccc1[P+](C1CCCCC1)(C1CCCCC1)[Pd-2]1(OS(C)(=O)=O)c2ccccc2-c2ccccc2[NH+]1C,CCN=P(N=P(N(C)C)(N(C)C)N(C)C)(N(C)C)N(C)C,CCC(C)(C)O,CC1=CSC(=N1)NCC2=CC=CC=C2,ruphos-pd-g4,P2Et,t-AmOH,CC1=CSC(=N1)Cl.C1=CC=C(C=C1)CN>>CC1=CSC(=N1)NCC2=CC=CC=C2,CC1=CSC(=N1)Cl.C1=CC=C(C=C1)CN.CC(C)Oc1cccc(OC(C)C)c1-c1ccccc1[P+](C1CCCCC1)(C1CCCCC1)[Pd-2]1(OS(C)(=O)=O)c2ccccc2-c2ccccc2[NH+]1C.CCN=P(N=P(N(C)C)(N(C)C)N(C)C)(N(C)C)N(C)C.CCC(C)(C)O>>CC1=CSC(=N1)NCC2=CC=CC=C2,FALSE,1,0.844571429,22
T-8,1,CC1=CSC(=N1)Cl,C1=CC=C(C=C1)CN,CC(C)c1cc(C(C)C)c(-c2ccccc2[P+](C2CCCCC2)(C2CCCCC2)[Pd-2]2(OS(C)(=O)=O)c3ccccc3-c3ccccc3[NH+]2C)c(C(C)C)c1,CCN=P(N=P(N(C)C)(N(C)C)N(C)C)(N(C)C)N(C)C,CCC(C)(C)O,CC1=CSC(=N1)NCC2=CC=CC=C2,xphos-pd-g4,P2Et,t-AmOH,CC1=CSC(=N1)Cl.C1=CC=C(C=C1)CN>>CC1=CSC(=N1)NCC2=CC=CC=C2,CC1=CSC(=N1)Cl.C1=CC=C(C=C1)CN.CC(C)c1cc(C(C)C)c(-c2ccccc2[P+](C2CCCCC2)(C2CCCCC2)[Pd-2]2(OS(C)(=O)=O)c3ccccc3-c3ccccc3[NH+]2C)c(C(C)C)c1.CCN=P(N=P(N(C)C)(N(C)C)N(C)C)(N(C)C)N(C)C.CCC(C)(C)O>>CC1=CSC(=N1)NCC2=CC=CC=C2,FALSE,1,0.829571429,0
T-8,1,CC1=CSC(=N1)Cl,C1=CC=C(C=C1)CN,CC(C)Oc1cccc(OC(C)C)c1-c1ccccc1[P+](C1CCCCC1)(C1CCCCC1)[Pd-2]1(OS(C)(=O)=O)c2ccccc2-c2ccccc2[NH+]1C,CCN=P(N=P(N(C)C)(N(C)C)N(C)C)(N(C)C)N(C)C,CC(=O)N(C)C,CC1=CSC(=N1)NCC2=CC=CC=C2,ruphos-pd-g4,P2Et,DMA,CC1=CSC(=N1)Cl.C1=CC=C(C=C1)CN>>CC1=CSC(=N1)NCC2=CC=CC=C2,CC1=CSC(=N1)Cl.C1=CC=C(C=C1)CN.CC(C)Oc1cccc(OC(C)C)c1-c1ccccc1[P+](C1CCCCC1)(C1CCCCC1)[Pd-2]1(OS(C)(=O)=O)c2ccccc2-c2ccccc2[NH+]1C.CCN=P(N=P(N(C)C)(N(C)C)N(C)C)(N(C)C)N(C)C.CC(=O)N(C)C>>CC1=CSC(=N1)NCC2=CC=CC=C2,FALSE,1,0.819772727,37
T-8,1,CC1=CSC(=N1)Cl,C1=CC=C(C=C1)CN,COc1ccc(OC)c([P+](C2CCCCC2)(C2CCCCC2)[Pd-2]2(OS(C)(=O)=O)c3ccccc3-c3ccccc3[NH+]2C)c1-c1c(C(C)C)cc(C(C)C)cc1C(C)C,CCN=P(N=P(N(C)C)(N(C)C)N(C)C)(N(C)C)N(C)C,CS(C)=O,CC1=CSC(=N1)NCC2=CC=CC=C2,brettphos-pd-g4,P2Et,DMSO,CC1=CSC(=N1)Cl.C1=CC=C(C=C1)CN>>CC1=CSC(=N1)NCC2=CC=CC=C2,CC1=CSC(=N1)Cl.C1=CC=C(C=C1)CN.COc1ccc(OC)c([P+](C2CCCCC2)(C2CCCCC2)[Pd-2]2(OS(C)(=O)=O)c3ccccc3-c3ccccc3[NH+]2C)c1-c1c(C(C)C)cc(C(C)C)cc1C(C)C.CCN=P(N=P(N(C)C)(N(C)C)N(C)C)(N(C)C)N(C)C.CS(C)=O>>CC1=CSC(=N1)NCC2=CC=CC=C2,FALSE,1,0.810143098,0
T-9,1,C1=CC(=CN=C1)Br,C1CNCCN1,CC(C)c1cc(C(C)C)c(-c2ccccc2[P+](C2CCCCC2)(C2CCCCC2)[Pd-2]2(OS(C)(=O)=O)c3ccccc3-c3ccccc3[NH+]2C)c(C(C)C)c1,CCN=P(N=P(N(C)C)(N(C)C)N(C)C)(N(C)C)N(C)C,CC(=O)N(C)C,C1CN(CCN1)C2=CN=CC=C2,xphos-pd-g4,P2Et,DMA,C1=CC(=CN=C1)Br.C1CNCCN1>>C1CN(CCN1)C2=CN=CC=C2,C1=CC(=CN=C1)Br.C1CNCCN1.CC(C)c1cc(C(C)C)c(-c2ccccc2[P+](C2CCCCC2)(C2CCCCC2)[Pd-2]2(OS(C)(=O)=O)c3ccccc3-c3ccccc3[NH+]2C)c(C(C)C)c1.CCN=P(N=P(N(C)C)(N(C)C)N(C)C)(N(C)C)N(C)C.CC(=O)N(C)C>>C1CN(CCN1)C2=CN=CC=C2,FALSE,1,0.86,38
T-9,1,C1=CC(=CN=C1)Br,C1CNCCN1,CC(C)Oc1cccc(OC(C)C)c1-c1ccccc1[P+](C1CCCCC1)(C1CCCCC1)[Pd-2]1(OS(C)(=O)=O)c2ccccc2-c2ccccc2[NH+]1C,CCN=P(N=P(N(C)C)(N(C)C)N(C)C)(N(C)C)N(C)C,CCC(C)(C)O,C1CN(CCN1)C2=CN=CC=C2,ruphos-pd-g4,P2Et,t-AmOH,C1=CC(=CN=C1)Br.C1CNCCN1>>C1CN(CCN1)C2=CN=CC=C2,C1=CC(=CN=C1)Br.C1CNCCN1.CC(C)Oc1cccc(OC(C)C)c1-c1ccccc1[P+](C1CCCCC1)(C1CCCCC1)[Pd-2]1(OS(C)(=O)=O)c2ccccc2-c2ccccc2[NH+]1C.CCN=P(N=P(N(C)C)(N(C)C)N(C)C)(N(C)C)N(C)C.CCC(C)(C)O>>C1CN(CCN1)C2=CN=CC=C2,FALSE,1,0.855,0
T-9,1,C1=CC(=CN=C1)Br,C1CNCCN1,CC(C)c1cc(C(C)C)c(-c2ccccc2[P+](C2CCCCC2)(C2CCCCC2)[Pd-2]2(OS(C)(=O)=O)c3ccccc3-c3ccccc3[NH+]2C)c(C(C)C)c1,CCN=P(N=P(N(C)C)(N(C)C)N(C)C)(N(C)C)N(C)C,CCC(C)(C)O,C1CN(CCN1)C2=CN=CC=C2,xphos-pd-g4,P2Et,t-AmOH,C1=CC(=CN=C1)Br.C1CNCCN1>>C1CN(CCN1)C2=CN=CC=C2,C1=CC(=CN=C1)Br.C1CNCCN1.CC(C)c1cc(C(C)C)c(-c2ccccc2[P+](C2CCCCC2)(C2CCCCC2)[Pd-2]2(OS(C)(=O)=O)c3ccccc3-c3ccccc3[NH+]2C)c(C(C)C)c1.CCN=P(N=P(N(C)C)(N(C)C)N(C)C)(N(C)C)N(C)C.CCC(C)(C)O>>C1CN(CCN1)C2=CN=CC=C2,FALSE,1,0.85,42
T-9,1,C1=CC(=CN=C1)Br,C1CNCCN1,C[NH+]1c2ccccc2-c2ccccc2[Pd-2]1(OS(C)(=O)=O)[P+](C(C)(C)C)(C(C)(C)C)C(C)(C)C,CCN=P(N=P(N(C)C)(N(C)C)N(C)C)(N(C)C)N(C)C,CS(C)=O,C1CN(CCN1)C2=CN=CC=C2,p(tbu)3-pd-g4,P2Et,DMSO,C1=CC(=CN=C1)Br.C1CNCCN1>>C1CN(CCN1)C2=CN=CC=C2,C1=CC(=CN=C1)Br.C1CNCCN1.C[NH+]1c2ccccc2-c2ccccc2[Pd-2]1(OS(C)(=O)=O)[P+](C(C)(C)C)(C(C)(C)C)C(C)(C)C.CCN=P(N=P(N(C)C)(N(C)C)N(C)C)(N(C)C)N(C)C.CS(C)=O>>C1CN(CCN1)C2=CN=CC=C2,FALSE,1,0.84,31
T-9,1,C1=CC(=CN=C1)Br,C1CNCCN1,COc1ccc(OC)c([P+](C2CCCCC2)(C2CCCCC2)[Pd-2]2(OS(C)(=O)=O)c3ccccc3-c3ccccc3[NH+]2C)c1-c1c(C(C)C)cc(C(C)C)cc1C(C)C,CCN=P(N=P(N(C)C)(N(C)C)N(C)C)(N(C)C)N(C)C,CCC(C)(C)O,C1CN(CCN1)C2=CN=CC=C2,brettphos-pd-g4,P2Et,t-AmOH,C1=CC(=CN=C1)Br.C1CNCCN1>>C1CN(CCN1)C2=CN=CC=C2,C1=CC(=CN=C1)Br.C1CNCCN1.COc1ccc(OC)c([P+](C2CCCCC2)(C2CCCCC2)[Pd-2]2(OS(C)(=O)=O)c3ccccc3-c3ccccc3[NH+]2C)c1-c1c(C(C)C)cc(C(C)C)cc1C(C)C.CCN=P(N=P(N(C)C)(N(C)C)N(C)C)(N(C)C)N(C)C.CCC(C)(C)O>>C1CN(CCN1)C2=CN=CC=C2,FALSE,1,0.81,16
T-9,1,C1=CC(=CN=C1)Br,C1CNCCN1,CC(C)Oc1cccc(OC(C)C)c1-c1ccccc1[P+](C1CCCCC1)(C1CCCCC1)[Pd-2]1(OS(C)(=O)=O)c2ccccc2-c2ccccc2[NH+]1C,CCN=P(N=P(N(C)C)(N(C)C)N(C)C)(N(C)C)N(C)C,CS(C)=O,C1CN(CCN1)C2=CN=CC=C2,ruphos-pd-g4,P2Et,DMSO,C1=CC(=CN=C1)Br.C1CNCCN1>>C1CN(CCN1)C2=CN=CC=C2,C1=CC(=CN=C1)Br.C1CNCCN1.CC(C)Oc1cccc(OC(C)C)c1-c1ccccc1[P+](C1CCCCC1)(C1CCCCC1)[Pd-2]1(OS(C)(=O)=O)c2ccccc2-c2ccccc2[NH+]1C.CCN=P(N=P(N(C)C)(N(C)C)N(C)C)(N(C)C)N(C)C.CS(C)=O>>C1CN(CCN1)C2=CN=CC=C2,FALSE,1,0.805,5
T-10,1,C1=CC(=NC(=C1Br)Cl)Cl,C1=CC=C(C=C1)N,CC(C)c1cc(C(C)C)c(-c2ccccc2[P+](C2CCCCC2)(C2CCCCC2)[Pd-2]2(OS(C)(=O)=O)c3ccccc3-c3ccccc3[NH+]2C)c(C(C)C)c1,CCN=P(N=P(N(C)C)(N(C)C)N(C)C)(N(C)C)N(C)C,CC(=O)N(C)C,C1=CC=C(C=C1)NC2=C(N=C(C=C2)Cl)Cl,xphos-pd-g4,P2Et,DMA,C1=CC(=NC(=C1Br)Cl)Cl.C1=CC=C(C=C1)N>>C1=CC=C(C=C1)NC2=C(N=C(C=C2)Cl)Cl,C1=CC(=NC(=C1Br)Cl)Cl.C1=CC=C(C=C1)N.CC(C)c1cc(C(C)C)c(-c2ccccc2[P+](C2CCCCC2)(C2CCCCC2)[Pd-2]2(OS(C)(=O)=O)c3ccccc3-c3ccccc3[NH+]2C)c(C(C)C)c1.CCN=P(N=P(N(C)C)(N(C)C)N(C)C)(N(C)C)N(C)C.CC(=O)N(C)C>>C1=CC=C(C=C1)NC2=C(N=C(C=C2)Cl)Cl,FALSE,1,0.865,
T-10,1,C1=CC(=NC(=C1Br)Cl)Cl,C1=CC=C(C=C1)N,CC(C)c1cc(C(C)C)c(-c2ccccc2[P+](C2CCCCC2)(C2CCCCC2)[Pd-2]2(OS(C)(=O)=O)c3ccccc3-c3ccccc3[NH+]2C)c(C(C)C)c1,CCN=P(N=P(N(C)C)(N(C)C)N(C)C)(N(C)C)N(C)C,CCC(C)(C)O,C1=CC=C(C=C1)NC2=C(N=C(C=C2)Cl)Cl,xphos-pd-g4,P2Et,t-AmOH,C1=CC(=NC(=C1Br)Cl)Cl.C1=CC=C(C=C1)N>>C1=CC=C(C=C1)NC2=C(N=C(C=C2)Cl)Cl,C1=CC(=NC(=C1Br)Cl)Cl.C1=CC=C(C=C1)N.CC(C)c1cc(C(C)C)c(-c2ccccc2[P+](C2CCCCC2)(C2CCCCC2)[Pd-2]2(OS(C)(=O)=O)c3ccccc3-c3ccccc3[NH+]2C)c(C(C)C)c1.CCN=P(N=P(N(C)C)(N(C)C)N(C)C)(N(C)C)N(C)C.CCC(C)(C)O>>C1=CC=C(C=C1)NC2=C(N=C(C=C2)Cl)Cl,FALSE,1,0.845,
T-10,1,C1=CC(=NC(=C1Br)Cl)Cl,C1=CC=C(C=C1)N,CC(C)c1cc(C(C)C)c(-c2ccccc2[P+](C2CCCCC2)(C2CCCCC2)[Pd-2]2(OS(C)(=O)=O)c3ccccc3-c3ccccc3[NH+]2C)c(C(C)C)c1,CCN=P(N=P(N(C)C)(N(C)C)N(C)C)(N(C)C)N(C)C,Cc1ccccc1,C1=CC=C(C=C1)NC2=C(N=C(C=C2)Cl)Cl,xphos-pd-g4,P2Et,Toluene,C1=CC(=NC(=C1Br)Cl)Cl.C1=CC=C(C=C1)N>>C1=CC=C(C=C1)NC2=C(N=C(C=C2)Cl)Cl,C1=CC(=NC(=C1Br)Cl)Cl.C1=CC=C(C=C1)N.CC(C)c1cc(C(C)C)c(-c2ccccc2[P+](C2CCCCC2)(C2CCCCC2)[Pd-2]2(OS(C)(=O)=O)c3ccccc3-c3ccccc3[NH+]2C)c(C(C)C)c1.CCN=P(N=P(N(C)C)(N(C)C)N(C)C)(N(C)C)N(C)C.Cc1ccccc1>>C1=CC=C(C=C1)NC2=C(N=C(C=C2)Cl)Cl,FALSE,1,0.83,
T-10,1,C1=CC(=NC(=C1Br)Cl)Cl,C1=CC=C(C=C1)N,CC(C)Oc1cccc(OC(C)C)c1-c1ccccc1[P+](C1CCCCC1)(C1CCCCC1)[Pd-2]1(OS(C)(=O)=O)c2ccccc2-c2ccccc2[NH+]1C,CCN=P(N=P(N(C)C)(N(C)C)N(C)C)(N(C)C)N(C)C,CCC(C)(C)O,C1=CC=C(C=C1)NC2=C(N=C(C=C2)Cl)Cl,ruphos-pd-g4,P2Et,t-AmOH,C1=CC(=NC(=C1Br)Cl)Cl.C1=CC=C(C=C1)N>>C1=CC=C(C=C1)NC2=C(N=C(C=C2)Cl)Cl,C1=CC(=NC(=C1Br)Cl)Cl.C1=CC=C(C=C1)N.CC(C)Oc1cccc(OC(C)C)c1-c1ccccc1[P+](C1CCCCC1)(C1CCCCC1)[Pd-2]1(OS(C)(=O)=O)c2ccccc2-c2ccccc2[NH+]1C.CCN=P(N=P(N(C)C)(N(C)C)N(C)C)(N(C)C)N(C)C.CCC(C)(C)O>>C1=CC=C(C=C1)NC2=C(N=C(C=C2)Cl)Cl,FALSE,1,0.825,
T-10,1,C1=CC(=NC(=C1Br)Cl)Cl,C1=CC=C(C=C1)N,CC(C)Oc1cccc(OC(C)C)c1-c1ccccc1[P+](C1CCCCC1)(C1CCCCC1)[Pd-2]1(OS(C)(=O)=O)c2ccccc2-c2ccccc2[NH+]1C,CCN=P(N=P(N(C)C)(N(C)C)N(C)C)(N(C)C)N(C)C,CC(=O)N(C)C,C1=CC=C(C=C1)NC2=C(N=C(C=C2)Cl)Cl,ruphos-pd-g4,P2Et,DMA,C1=CC(=NC(=C1Br)Cl)Cl.C1=CC=C(C=C1)N>>C1=CC=C(C=C1)NC2=C(N=C(C=C2)Cl)Cl,C1=CC(=NC(=C1Br)Cl)Cl.C1=CC=C(C=C1)N.CC(C)Oc1cccc(OC(C)C)c1-c1ccccc1[P+](C1CCCCC1)(C1CCCCC1)[Pd-2]1(OS(C)(=O)=O)c2ccccc2-c2ccccc2[NH+]1C.CCN=P(N=P(N(C)C)(N(C)C)N(C)C)(N(C)C)N(C)C.CC(=O)N(C)C>>C1=CC=C(C=C1)NC2=C(N=C(C=C2)Cl)Cl,FALSE,1,0.82,
T-10,1,C1=CC(=NC(=C1Br)Cl)Cl,C1=CC=C(C=C1)N,CC(C)c1cc(C(C)C)c(-c2ccccc2[P+](C2CCCCC2)(C2CCCCC2)[Pd-2]2(OS(C)(=O)=O)c3ccccc3-c3ccccc3[NH+]2C)c(C(C)C)c1,CCN=P(N=P(N(C)C)(N(C)C)N(C)C)(N(C)C)N(C)C,CS(C)=O,C1=CC=C(C=C1)NC2=C(N=C(C=C2)Cl)Cl,xphos-pd-g4,P2Et,DMSO,C1=CC(=NC(=C1Br)Cl)Cl.C1=CC=C(C=C1)N>>C1=CC=C(C=C1)NC2=C(N=C(C=C2)Cl)Cl,C1=CC(=NC(=C1Br)Cl)Cl.C1=CC=C(C=C1)N.CC(C)c1cc(C(C)C)c(-c2ccccc2[P+](C2CCCCC2)(C2CCCCC2)[Pd-2]2(OS(C)(=O)=O)c3ccccc3-c3ccccc3[NH+]2C)c(C(C)C)c1.CCN=P(N=P(N(C)C)(N(C)C)N(C)C)(N(C)C)N(C)C.CS(C)=O>>C1=CC=C(C=C1)NC2=C(N=C(C=C2)Cl)Cl,FALSE,1,0.81,
T-11,1,C1=CC(=C(N=C1)Br)Cl,CN1CC(CCC1=O)N,C[NH+]1c2ccccc2-c2ccccc2[Pd-2]1(OS(C)(=O)=O)[P+](C(C)(C)C)(C(C)(C)C)C(C)(C)C,CCN=P(N=P(N(C)C)(N(C)C)N(C)C)(N(C)C)N(C)C,CS(C)=O,CN1CC(CCC1=O)NC2=C(C=CC=N2)Cl,p(tbu)3-pd-g4,P2Et,DMSO,C1=CC(=C(N=C1)Br)Cl.CN1CC(CCC1=O)N>>CN1CC(CCC1=O)NC2=C(C=CC=N2)Cl,C1=CC(=C(N=C1)Br)Cl.CN1CC(CCC1=O)N.C[NH+]1c2ccccc2-c2ccccc2[Pd-2]1(OS(C)(=O)=O)[P+](C(C)(C)C)(C(C)(C)C)C(C)(C)C.CCN=P(N=P(N(C)C)(N(C)C)N(C)C)(N(C)C)N(C)C.CS(C)=O>>CN1CC(CCC1=O)NC2=C(C=CC=N2)Cl,FALSE,1,0.87,
T-11,1,C1=CC(=C(N=C1)Br)Cl,CN1CC(CCC1=O)N,CC(C)c1cc(C(C)C)c(-c2ccccc2[P+](C2CCCCC2)(C2CCCCC2)[Pd-2]2(OS(C)(=O)=O)c3ccccc3-c3ccccc3[NH+]2C)c(C(C)C)c1,CCN=P(N=P(N(C)C)(N(C)C)N(C)C)(N(C)C)N(C)C,CC(=O)N(C)C,CN1CC(CCC1=O)NC2=C(C=CC=N2)Cl,xphos-pd-g4,P2Et,DMA,C1=CC(=C(N=C1)Br)Cl.CN1CC(CCC1=O)N>>CN1CC(CCC1=O)NC2=C(C=CC=N2)Cl,C1=CC(=C(N=C1)Br)Cl.CN1CC(CCC1=O)N.CC(C)c1cc(C(C)C)c(-c2ccccc2[P+](C2CCCCC2)(C2CCCCC2)[Pd-2]2(OS(C)(=O)=O)c3ccccc3-c3ccccc3[NH+]2C)c(C(C)C)c1.CCN=P(N=P(N(C)C)(N(C)C)N(C)C)(N(C)C)N(C)C.CC(=O)N(C)C>>CN1CC(CCC1=O)NC2=C(C=CC=N2)Cl,FALSE,1,0.8442,
T-11,1,C1=CC(=C(N=C1)Br)Cl,CN1CC(CCC1=O)N,COc1ccc(OC)c([P+](C2CCCCC2)(C2CCCCC2)[Pd-2]2(OS(C)(=O)=O)c3ccccc3-c3ccccc3[NH+]2C)c1-c1c(C(C)C)cc(C(C)C)cc1C(C)C,CCN=P(N=P(N(C)C)(N(C)C)N(C)C)(N(C)C)N(C)C,CCC(C)(C)O,CN1CC(CCC1=O)NC2=C(C=CC=N2)Cl,brettphos-pd-g4,P2Et,t-AmOH,C1=CC(=C(N=C1)Br)Cl.CN1CC(CCC1=O)N>>CN1CC(CCC1=O)NC2=C(C=CC=N2)Cl,C1=CC(=C(N=C1)Br)Cl.CN1CC(CCC1=O)N.COc1ccc(OC)c([P+](C2CCCCC2)(C2CCCCC2)[Pd-2]2(OS(C)(=O)=O)c3ccccc3-c3ccccc3[NH+]2C)c1-c1c(C(C)C)cc(C(C)C)cc1C(C)C.CCN=P(N=P(N(C)C)(N(C)C)N(C)C)(N(C)C)N(C)C.CCC(C)(C)O>>CN1CC(CCC1=O)NC2=C(C=CC=N2)Cl,FALSE,1,0.8442,
T-11,1,C1=CC(=C(N=C1)Br)Cl,CN1CC(CCC1=O)N,CC(C)c1cc(C(C)C)c(-c2ccccc2[P+](C2CCCCC2)(C2CCCCC2)[Pd-2]2(OS(C)(=O)=O)c3ccccc3-c3ccccc3[NH+]2C)c(C(C)C)c1,CCN=P(N=P(N(C)C)(N(C)C)N(C)C)(N(C)C)N(C)C,CCC(C)(C)O,CN1CC(CCC1=O)NC2=C(C=CC=N2)Cl,xphos-pd-g4,P2Et,t-AmOH,C1=CC(=C(N=C1)Br)Cl.CN1CC(CCC1=O)N>>CN1CC(CCC1=O)NC2=C(C=CC=N2)Cl,C1=CC(=C(N=C1)Br)Cl.CN1CC(CCC1=O)N.CC(C)c1cc(C(C)C)c(-c2ccccc2[P+](C2CCCCC2)(C2CCCCC2)[Pd-2]2(OS(C)(=O)=O)c3ccccc3-c3ccccc3[NH+]2C)c(C(C)C)c1.CCN=P(N=P(N(C)C)(N(C)C)N(C)C)(N(C)C)N(C)C.CCC(C)(C)O>>CN1CC(CCC1=O)NC2=C(C=CC=N2)Cl,FALSE,1,0.842853846,
T-11,1,C1=CC(=C(N=C1)Br)Cl,CN1CC(CCC1=O)N,C[NH+]1c2ccccc2-c2ccccc2[Pd-2]1(OS(C)(=O)=O)[P+](C(C)(C)C)(C(C)(C)C)C(C)(C)C,CCN=P(N=P(N(C)C)(N(C)C)N(C)C)(N(C)C)N(C)C,CCC(C)(C)O,CN1CC(CCC1=O)NC2=C(C=CC=N2)Cl,p(tbu)3-pd-g4,P2Et,t-AmOH,C1=CC(=C(N=C1)Br)Cl.CN1CC(CCC1=O)N>>CN1CC(CCC1=O)NC2=C(C=CC=N2)Cl,C1=CC(=C(N=C1)Br)Cl.CN1CC(CCC1=O)N.C[NH+]1c2ccccc2-c2ccccc2[Pd-2]1(OS(C)(=O)=O)[P+](C(C)(C)C)(C(C)(C)C)C(C)(C)C.CCN=P(N=P(N(C)C)(N(C)C)N(C)C)(N(C)C)N(C)C.CCC(C)(C)O>>CN1CC(CCC1=O)NC2=C(C=CC=N2)Cl,FALSE,1,0.825,
T-11,1,C1=CC(=C(N=C1)Br)Cl,CN1CC(CCC1=O)N,CC(C)Oc1cccc(OC(C)C)c1-c1ccccc1[P+](C1CCCCC1)(C1CCCCC1)[Pd-2]1(OS(C)(=O)=O)c2ccccc2-c2ccccc2[NH+]1C,CCN=P(N=P(N(C)C)(N(C)C)N(C)C)(N(C)C)N(C)C,CCC(C)(C)O,CN1CC(CCC1=O)NC2=C(C=CC=N2)Cl,ruphos-pd-g4,P2Et,t-AmOH,C1=CC(=C(N=C1)Br)Cl.CN1CC(CCC1=O)N>>CN1CC(CCC1=O)NC2=C(C=CC=N2)Cl,C1=CC(=C(N=C1)Br)Cl.CN1CC(CCC1=O)N.CC(C)Oc1cccc(OC(C)C)c1-c1ccccc1[P+](C1CCCCC1)(C1CCCCC1)[Pd-2]1(OS(C)(=O)=O)c2ccccc2-c2ccccc2[NH+]1C.CCN=P(N=P(N(C)C)(N(C)C)N(C)C)(N(C)C)N(C)C.CCC(C)(C)O>>CN1CC(CCC1=O)NC2=C(C=CC=N2)Cl,FALSE,1,0.82,
T-12,1,C1=CC=C(C(=C1)Cl)Br,C(CN)N,CC(C)c1cc(C(C)C)c(-c2ccccc2[P+](C2CCCCC2)(C2CCCCC2)[Pd-2]2(OS(C)(=O)=O)c3ccccc3-c3ccccc3[NH+]2C)c(C(C)C)c1,CCN=P(N=P(N(C)C)(N(C)C)N(C)C)(N(C)C)N(C)C,CC(=O)N(C)C,C1=CC=C(C(=C1)NCCN)Cl,xphos-pd-g4,P2Et,DMA,C1=CC=C(C(=C1)Cl)Br.C(CN)N>>C1=CC=C(C(=C1)NCCN)Cl,C1=CC=C(C(=C1)Cl)Br.C(CN)N.CC(C)c1cc(C(C)C)c(-c2ccccc2[P+](C2CCCCC2)(C2CCCCC2)[Pd-2]2(OS(C)(=O)=O)c3ccccc3-c3ccccc3[NH+]2C)c(C(C)C)c1.CCN=P(N=P(N(C)C)(N(C)C)N(C)C)(N(C)C)N(C)C.CC(=O)N(C)C>>C1=CC=C(C(=C1)NCCN)Cl,FALSE,1,0.86,
T-12,1,C1=CC=C(C(=C1)Cl)Br,C(CN)N,CC(C)c1cc(C(C)C)c(-c2ccccc2[P+](C2CCCCC2)(C2CCCCC2)[Pd-2]2(OS(C)(=O)=O)c3ccccc3-c3ccccc3[NH+]2C)c(C(C)C)c1,CCN=P(N=P(N(C)C)(N(C)C)N(C)C)(N(C)C)N(C)C,CCC(C)(C)O,C1=CC=C(C(=C1)NCCN)Cl,xphos-pd-g4,P2Et,t-AmOH,C1=CC=C(C(=C1)Cl)Br.C(CN)N>>C1=CC=C(C(=C1)NCCN)Cl,C1=CC=C(C(=C1)Cl)Br.C(CN)N.CC(C)c1cc(C(C)C)c(-c2ccccc2[P+](C2CCCCC2)(C2CCCCC2)[Pd-2]2(OS(C)(=O)=O)c3ccccc3-c3ccccc3[NH+]2C)c(C(C)C)c1.CCN=P(N=P(N(C)C)(N(C)C)N(C)C)(N(C)C)N(C)C.CCC(C)(C)O>>C1=CC=C(C(=C1)NCCN)Cl,FALSE,1,0.85,
T-12,1,C1=CC=C(C(=C1)Cl)Br,C(CN)N,COc1ccc(OC)c([P+](C2CCCCC2)(C2CCCCC2)[Pd-2]2(OS(C)(=O)=O)c3ccccc3-c3ccccc3[NH+]2C)c1-c1c(C(C)C)cc(C(C)C)cc1C(C)C,CCN=P(N=P(N(C)C)(N(C)C)N(C)C)(N(C)C)N(C)C,CCC(C)(C)O,C1=CC=C(C(=C1)NCCN)Cl,brettphos-pd-g4,P2Et,t-AmOH,C1=CC=C(C(=C1)Cl)Br.C(CN)N>>C1=CC=C(C(=C1)NCCN)Cl,C1=CC=C(C(=C1)Cl)Br.C(CN)N.COc1ccc(OC)c([P+](C2CCCCC2)(C2CCCCC2)[Pd-2]2(OS(C)(=O)=O)c3ccccc3-c3ccccc3[NH+]2C)c1-c1c(C(C)C)cc(C(C)C)cc1C(C)C.CCN=P(N=P(N(C)C)(N(C)C)N(C)C)(N(C)C)N(C)C.CCC(C)(C)O>>C1=CC=C(C(=C1)NCCN)Cl,FALSE,1,0.85,
T-12,1,C1=CC=C(C(=C1)Cl)Br,C(CN)N,COc1ccc(OC)c([P+](C2CCCCC2)(C2CCCCC2)[Pd-2]2(OS(C)(=O)=O)c3ccccc3-c3ccccc3[NH+]2C)c1-c1c(C(C)C)cc(C(C)C)cc1C(C)C,CCN=P(N=P(N(C)C)(N(C)C)N(C)C)(N(C)C)N(C)C,Cc1ccccc1,C1=CC=C(C(=C1)NCCN)Cl,brettphos-pd-g4,P2Et,Toluene,C1=CC=C(C(=C1)Cl)Br.C(CN)N>>C1=CC=C(C(=C1)NCCN)Cl,C1=CC=C(C(=C1)Cl)Br.C(CN)N.COc1ccc(OC)c([P+](C2CCCCC2)(C2CCCCC2)[Pd-2]2(OS(C)(=O)=O)c3ccccc3-c3ccccc3[NH+]2C)c1-c1c(C(C)C)cc(C(C)C)cc1C(C)C.CCN=P(N=P(N(C)C)(N(C)C)N(C)C)(N(C)C)N(C)C.Cc1ccccc1>>C1=CC=C(C(=C1)NCCN)Cl,FALSE,1,0.835,
T-12,1,C1=CC=C(C(=C1)Cl)Br,C(CN)N,COc1ccc(OC)c([P+](C2CCCCC2)(C2CCCCC2)[Pd-2]2(OS(C)(=O)=O)c3ccccc3-c3ccccc3[NH+]2C)c1-c1c(C(C)C)cc(C(C)C)cc1C(C)C,CCN=P(N=P(N(C)C)(N(C)C)N(C)C)(N(C)C)N(C)C,CS(C)=O,C1=CC=C(C(=C1)NCCN)Cl,brettphos-pd-g4,P2Et,DMSO,C1=CC=C(C(=C1)Cl)Br.C(CN)N>>C1=CC=C(C(=C1)NCCN)Cl,C1=CC=C(C(=C1)Cl)Br.C(CN)N.COc1ccc(OC)c([P+](C2CCCCC2)(C2CCCCC2)[Pd-2]2(OS(C)(=O)=O)c3ccccc3-c3ccccc3[NH+]2C)c1-c1c(C(C)C)cc(C(C)C)cc1C(C)C.CCN=P(N=P(N(C)C)(N(C)C)N(C)C)(N(C)C)N(C)C.CS(C)=O>>C1=CC=C(C(=C1)NCCN)Cl,FALSE,1,0.83,
T-12,1,C1=CC=C(C(=C1)Cl)Br,C(CN)N,CC(C)c1cc(C(C)C)c(-c2ccccc2[P+](C2CCCCC2)(C2CCCCC2)[Pd-2]2(OS(C)(=O)=O)c3ccccc3-c3ccccc3[NH+]2C)c(C(C)C)c1,CCN=P(N=P(N(C)C)(N(C)C)N(C)C)(N(C)C)N(C)C,CS(C)=O,C1=CC=C(C(=C1)NCCN)Cl,xphos-pd-g4,P2Et,DMSO,C1=CC=C(C(=C1)Cl)Br.C(CN)N>>C1=CC=C(C(=C1)NCCN)Cl,C1=CC=C(C(=C1)Cl)Br.C(CN)N.CC(C)c1cc(C(C)C)c(-c2ccccc2[P+](C2CCCCC2)(C2CCCCC2)[Pd-2]2(OS(C)(=O)=O)c3ccccc3-c3ccccc3[NH+]2C)c(C(C)C)c1.CCN=P(N=P(N(C)C)(N(C)C)N(C)C)(N(C)C)N(C)C.CS(C)=O>>C1=CC=C(C(=C1)NCCN)Cl,FALSE,1,0.81,
T-13,1,C1=CC(=NC(=C1)Br)Br,C1COCCC1N,CC(C)c1cc(C(C)C)c(-c2ccccc2[P+](C2CCCCC2)(C2CCCCC2)[Pd-2]2(OS(C)(=O)=O)c3ccccc3-c3ccccc3[NH+]2C)c(C(C)C)c1,CCN=P(N=P(N(C)C)(N(C)C)N(C)C)(N(C)C)N(C)C,CC(=O)N(C)C,C1COCCC1NC2=NC(=CC=C2)Br,xphos-pd-g4,P2Et,DMA,C1=CC(=NC(=C1)Br)Br.C1COCCC1N>>C1COCCC1NC2=NC(=CC=C2)Br,C1=CC(=NC(=C1)Br)Br.C1COCCC1N.CC(C)c1cc(C(C)C)c(-c2ccccc2[P+](C2CCCCC2)(C2CCCCC2)[Pd-2]2(OS(C)(=O)=O)c3ccccc3-c3ccccc3[NH+]2C)c(C(C)C)c1.CCN=P(N=P(N(C)C)(N(C)C)N(C)C)(N(C)C)N(C)C.CC(=O)N(C)C>>C1COCCC1NC2=NC(=CC=C2)Br,FALSE,1,0.835,
T-13,1,C1=CC(=NC(=C1)Br)Br,C1COCCC1N,CC(C)c1cc(C(C)C)c(-c2ccccc2[P+](C2CCCCC2)(C2CCCCC2)[Pd-2]2(OS(C)(=O)=O)c3ccccc3-c3ccccc3[NH+]2C)c(C(C)C)c1,CCN=P(N=P(N(C)C)(N(C)C)N(C)C)(N(C)C)N(C)C,CCC(C)(C)O,C1COCCC1NC2=NC(=CC=C2)Br,xphos-pd-g4,P2Et,t-AmOH,C1=CC(=NC(=C1)Br)Br.C1COCCC1N>>C1COCCC1NC2=NC(=CC=C2)Br,C1=CC(=NC(=C1)Br)Br.C1COCCC1N.CC(C)c1cc(C(C)C)c(-c2ccccc2[P+](C2CCCCC2)(C2CCCCC2)[Pd-2]2(OS(C)(=O)=O)c3ccccc3-c3ccccc3[NH+]2C)c(C(C)C)c1.CCN=P(N=P(N(C)C)(N(C)C)N(C)C)(N(C)C)N(C)C.CCC(C)(C)O>>C1COCCC1NC2=NC(=CC=C2)Br,FALSE,1,0.82,
T-13,1,C1=CC(=NC(=C1)Br)Br,C1COCCC1N,CC(C)Oc1cccc(OC(C)C)c1-c1ccccc1[P+](C1CCCCC1)(C1CCCCC1)[Pd-2]1(OS(C)(=O)=O)c2ccccc2-c2ccccc2[NH+]1C,CCN=P(N=P(N(C)C)(N(C)C)N(C)C)(N(C)C)N(C)C,CC(=O)N(C)C,C1COCCC1NC2=NC(=CC=C2)Br,ruphos-pd-g4,P2Et,DMA,C1=CC(=NC(=C1)Br)Br.C1COCCC1N>>C1COCCC1NC2=NC(=CC=C2)Br,C1=CC(=NC(=C1)Br)Br.C1COCCC1N.CC(C)Oc1cccc(OC(C)C)c1-c1ccccc1[P+](C1CCCCC1)(C1CCCCC1)[Pd-2]1(OS(C)(=O)=O)c2ccccc2-c2ccccc2[NH+]1C.CCN=P(N=P(N(C)C)(N(C)C)N(C)C)(N(C)C)N(C)C.CC(=O)N(C)C>>C1COCCC1NC2=NC(=CC=C2)Br,FALSE,1,0.81,
T-13,1,C1=CC(=NC(=C1)Br)Br,C1COCCC1N,COc1ccc(OC)c([P+](C2CCCCC2)(C2CCCCC2)[Pd-2]2(OS(C)(=O)=O)c3ccccc3-c3ccccc3[NH+]2C)c1-c1c(C(C)C)cc(C(C)C)cc1C(C)C,CCN=P(N=P(N(C)C)(N(C)C)N(C)C)(N(C)C)N(C)C,CCC(C)(C)O,C1COCCC1NC2=NC(=CC=C2)Br,brettphos-pd-g4,P2Et,t-AmOH,C1=CC(=NC(=C1)Br)Br.C1COCCC1N>>C1COCCC1NC2=NC(=CC=C2)Br,C1=CC(=NC(=C1)Br)Br.C1COCCC1N.COc1ccc(OC)c([P+](C2CCCCC2)(C2CCCCC2)[Pd-2]2(OS(C)(=O)=O)c3ccccc3-c3ccccc3[NH+]2C)c1-c1c(C(C)C)cc(C(C)C)cc1C(C)C.CCN=P(N=P(N(C)C)(N(C)C)N(C)C)(N(C)C)N(C)C.CCC(C)(C)O>>C1COCCC1NC2=NC(=CC=C2)Br,FALSE,1,0.81,
T-13,1,C1=CC(=NC(=C1)Br)Br,C1COCCC1N,C[NH+]1c2ccccc2-c2ccccc2[Pd-2]1(OS(C)(=O)=O)[P+](C(C)(C)C)(C(C)(C)C)C(C)(C)C,CCN=P(N=P(N(C)C)(N(C)C)N(C)C)(N(C)C)N(C)C,CS(C)=O,C1COCCC1NC2=NC(=CC=C2)Br,p(tbu)3-pd-g4,P2Et,DMSO,C1=CC(=NC(=C1)Br)Br.C1COCCC1N>>C1COCCC1NC2=NC(=CC=C2)Br,C1=CC(=NC(=C1)Br)Br.C1COCCC1N.C[NH+]1c2ccccc2-c2ccccc2[Pd-2]1(OS(C)(=O)=O)[P+](C(C)(C)C)(C(C)(C)C)C(C)(C)C.CCN=P(N=P(N(C)C)(N(C)C)N(C)C)(N(C)C)N(C)C.CS(C)=O>>C1COCCC1NC2=NC(=CC=C2)Br,FALSE,1,0.8095,
T-13,1,C1=CC(=NC(=C1)Br)Br,C1COCCC1N,CC(C)Oc1cccc(OC(C)C)c1-c1ccccc1[P+](C1CCCCC1)(C1CCCCC1)[Pd-2]1(OS(C)(=O)=O)c2ccccc2-c2ccccc2[NH+]1C,CCN=P(N=P(N(C)C)(N(C)C)N(C)C)(N(C)C)N(C)C,CCC(C)(C)O,C1COCCC1NC2=NC(=CC=C2)Br,ruphos-pd-g4,P2Et,t-AmOH,C1=CC(=NC(=C1)Br)Br.C1COCCC1N>>C1COCCC1NC2=NC(=CC=C2)Br,C1=CC(=NC(=C1)Br)Br.C1COCCC1N.CC(C)Oc1cccc(OC(C)C)c1-c1ccccc1[P+](C1CCCCC1)(C1CCCCC1)[Pd-2]1(OS(C)(=O)=O)c2ccccc2-c2ccccc2[NH+]1C.CCN=P(N=P(N(C)C)(N(C)C)N(C)C)(N(C)C)N(C)C.CCC(C)(C)O>>C1COCCC1NC2=NC(=CC=C2)Br,FALSE,1,0.805,
T-14,1,CN1C[C@H](OC2=C(C1)C=CC(=N2)Cl)C3=CC=CC=C3,CC1=NN(C=N1)C2=CC=C(C=C2)N,CC(C)c1cc(C(C)C)c(-c2ccccc2[P+](C2CCCCC2)(C2CCCCC2)[Pd-2]2(OS(C)(=O)=O)c3ccccc3-c3ccccc3[NH+]2C)c(C(C)C)c1,CCN=P(N=P(N(C)C)(N(C)C)N(C)C)(N(C)C)N(C)C,CCC(C)(C)O,CC1=NN(C=N1)C2=CC=C(C=C2)NC3=NC4=C(CN(C[C@H](O4)C5=CC=CC=C5)C)C=C3,xphos-pd-g4,P2Et,t-AmOH,CN1C[C@H](OC2=C(C1)C=CC(=N2)Cl)C3=CC=CC=C3.CC1=NN(C=N1)C2=CC=C(C=C2)N>>CC1=NN(C=N1)C2=CC=C(C=C2)NC3=NC4=C(CN(C[C@H](O4)C5=CC=CC=C5)C)C=C3,CN1C[C@H](OC2=C(C1)C=CC(=N2)Cl)C3=CC=CC=C3.CC1=NN(C=N1)C2=CC=C(C=C2)N.CC(C)c1cc(C(C)C)c(-c2ccccc2[P+](C2CCCCC2)(C2CCCCC2)[Pd-2]2(OS(C)(=O)=O)c3ccccc3-c3ccccc3[NH+]2C)c(C(C)C)c1.CCN=P(N=P(N(C)C)(N(C)C)N(C)C)(N(C)C)N(C)C.CCC(C)(C)O>>CC1=NN(C=N1)C2=CC=C(C=C2)NC3=NC4=C(CN(C[C@H](O4)C5=CC=CC=C5)C)C=C3,FALSE,5,0.83,
T-14,1,CN1C[C@H](OC2=C(C1)C=CC(=N2)Cl)C3=CC=CC=C3,CC1=NN(C=N1)C2=CC=C(C=C2)N,CC(C)c1cc(C(C)C)c(-c2ccccc2[P+](C2CCCCC2)(C2CCCCC2)[Pd-2]2(OS(C)(=O)=O)c3ccccc3-c3ccccc3[NH+]2C)c(C(C)C)c1,CCN=P(N=P(N(C)C)(N(C)C)N(C)C)(N(C)C)N(C)C,CC(=O)N(C)C,CC1=NN(C=N1)C2=CC=C(C=C2)NC3=NC4=C(CN(C[C@H](O4)C5=CC=CC=C5)C)C=C3,xphos-pd-g4,P2Et,DMA,CN1C[C@H](OC2=C(C1)C=CC(=N2)Cl)C3=CC=CC=C3.CC1=NN(C=N1)C2=CC=C(C=C2)N>>CC1=NN(C=N1)C2=CC=C(C=C2)NC3=NC4=C(CN(C[C@H](O4)C5=CC=CC=C5)C)C=C3,CN1C[C@H](OC2=C(C1)C=CC(=N2)Cl)C3=CC=CC=C3.CC1=NN(C=N1)C2=CC=C(C=C2)N.CC(C)c1cc(C(C)C)c(-c2ccccc2[P+](C2CCCCC2)(C2CCCCC2)[Pd-2]2(OS(C)(=O)=O)c3ccccc3-c3ccccc3[NH+]2C)c(C(C)C)c1.CCN=P(N=P(N(C)C)(N(C)C)N(C)C)(N(C)C)N(C)C.CC(=O)N(C)C>>CC1=NN(C=N1)C2=CC=C(C=C2)NC3=NC4=C(CN(C[C@H](O4)C5=CC=CC=C5)C)C=C3,FALSE,5,0.825,
T-14,1,CN1C[C@H](OC2=C(C1)C=CC(=N2)Cl)C3=CC=CC=C3,CC1=NN(C=N1)C2=CC=C(C=C2)N,CC(C)Oc1cccc(OC(C)C)c1-c1ccccc1[P+](C1CCCCC1)(C1CCCCC1)[Pd-2]1(OS(C)(=O)=O)c2ccccc2-c2ccccc2[NH+]1C,CCN=P(N=P(N(C)C)(N(C)C)N(C)C)(N(C)C)N(C)C,CCC(C)(C)O,CC1=NN(C=N1)C2=CC=C(C=C2)NC3=NC4=C(CN(C[C@H](O4)C5=CC=CC=C5)C)C=C3,ruphos-pd-g4,P2Et,t-AmOH,CN1C[C@H](OC2=C(C1)C=CC(=N2)Cl)C3=CC=CC=C3.CC1=NN(C=N1)C2=CC=C(C=C2)N>>CC1=NN(C=N1)C2=CC=C(C=C2)NC3=NC4=C(CN(C[C@H](O4)C5=CC=CC=C5)C)C=C3,CN1C[C@H](OC2=C(C1)C=CC(=N2)Cl)C3=CC=CC=C3.CC1=NN(C=N1)C2=CC=C(C=C2)N.CC(C)Oc1cccc(OC(C)C)c1-c1ccccc1[P+](C1CCCCC1)(C1CCCCC1)[Pd-2]1(OS(C)(=O)=O)c2ccccc2-c2ccccc2[NH+]1C.CCN=P(N=P(N(C)C)(N(C)C)N(C)C)(N(C)C)N(C)C.CCC(C)(C)O>>CC1=NN(C=N1)C2=CC=C(C=C2)NC3=NC4=C(CN(C[C@H](O4)C5=CC=CC=C5)C)C=C3,FALSE,5,0.82,
T-14,1,CN1C[C@H](OC2=C(C1)C=CC(=N2)Cl)C3=CC=CC=C3,CC1=NN(C=N1)C2=CC=C(C=C2)N,C[NH+]1c2ccccc2-c2ccccc2[Pd-2]1(OS(C)(=O)=O)[P+](C(C)(C)C)(C(C)(C)C)C(C)(C)C,CCN=P(N=P(N(C)C)(N(C)C)N(C)C)(N(C)C)N(C)C,CS(C)=O,CC1=NN(C=N1)C2=CC=C(C=C2)NC3=NC4=C(CN(C[C@H](O4)C5=CC=CC=C5)C)C=C3,p(tbu)3-pd-g4,P2Et,DMSO,CN1C[C@H](OC2=C(C1)C=CC(=N2)Cl)C3=CC=CC=C3.CC1=NN(C=N1)C2=CC=C(C=C2)N>>CC1=NN(C=N1)C2=CC=C(C=C2)NC3=NC4=C(CN(C[C@H](O4)C5=CC=CC=C5)C)C=C3,CN1C[C@H](OC2=C(C1)C=CC(=N2)Cl)C3=CC=CC=C3.CC1=NN(C=N1)C2=CC=C(C=C2)N.C[NH+]1c2ccccc2-c2ccccc2[Pd-2]1(OS(C)(=O)=O)[P+](C(C)(C)C)(C(C)(C)C)C(C)(C)C.CCN=P(N=P(N(C)C)(N(C)C)N(C)C)(N(C)C)N(C)C.CS(C)=O>>CC1=NN(C=N1)C2=CC=C(C=C2)NC3=NC4=C(CN(C[C@H](O4)C5=CC=CC=C5)C)C=C3,FALSE,5,0.82,
T-14,1,CN1C[C@H](OC2=C(C1)C=CC(=N2)Cl)C3=CC=CC=C3,CC1=NN(C=N1)C2=CC=C(C=C2)N,COc1ccc(OC)c([P+](C2CCCCC2)(C2CCCCC2)[Pd-2]2(OS(C)(=O)=O)c3ccccc3-c3ccccc3[NH+]2C)c1-c1c(C(C)C)cc(C(C)C)cc1C(C)C,CCN=P(N=P(N(C)C)(N(C)C)N(C)C)(N(C)C)N(C)C,CCC(C)(C)O,CC1=NN(C=N1)C2=CC=C(C=C2)NC3=NC4=C(CN(C[C@H](O4)C5=CC=CC=C5)C)C=C3,brettphos-pd-g4,P2Et,t-AmOH,CN1C[C@H](OC2=C(C1)C=CC(=N2)Cl)C3=CC=CC=C3.CC1=NN(C=N1)C2=CC=C(C=C2)N>>CC1=NN(C=N1)C2=CC=C(C=C2)NC3=NC4=C(CN(C[C@H](O4)C5=CC=CC=C5)C)C=C3,CN1C[C@H](OC2=C(C1)C=CC(=N2)Cl)C3=CC=CC=C3.CC1=NN(C=N1)C2=CC=C(C=C2)N.COc1ccc(OC)c([P+](C2CCCCC2)(C2CCCCC2)[Pd-2]2(OS(C)(=O)=O)c3ccccc3-c3ccccc3[NH+]2C)c1-c1c(C(C)C)cc(C(C)C)cc1C(C)C.CCN=P(N=P(N(C)C)(N(C)C)N(C)C)(N(C)C)N(C)C.CCC(C)(C)O>>CC1=NN(C=N1)C2=CC=C(C=C2)NC3=NC4=C(CN(C[C@H](O4)C5=CC=CC=C5)C)C=C3,FALSE,5,0.81,
T-14,1,CN1C[C@H](OC2=C(C1)C=CC(=N2)Cl)C3=CC=CC=C3,CC1=NN(C=N1)C2=CC=C(C=C2)N,C[NH+]1c2ccccc2-c2ccccc2[Pd-2]1(OS(C)(=O)=O)[P+](C(C)(C)C)(C(C)(C)C)C(C)(C)C,CCN=P(N=P(N(C)C)(N(C)C)N(C)C)(N(C)C)N(C)C,CCC(C)(C)O,CC1=NN(C=N1)C2=CC=C(C=C2)NC3=NC4=C(CN(C[C@H](O4)C5=CC=CC=C5)C)C=C3,p(tbu)3-pd-g4,P2Et,t-AmOH,CN1C[C@H](OC2=C(C1)C=CC(=N2)Cl)C3=CC=CC=C3.CC1=NN(C=N1)C2=CC=C(C=C2)N>>CC1=NN(C=N1)C2=CC=C(C=C2)NC3=NC4=C(CN(C[C@H](O4)C5=CC=CC=C5)C)C=C3,CN1C[C@H](OC2=C(C1)C=CC(=N2)Cl)C3=CC=CC=C3.CC1=NN(C=N1)C2=CC=C(C=C2)N.C[NH+]1c2ccccc2-c2ccccc2[Pd-2]1(OS(C)(=O)=O)[P+](C(C)(C)C)(C(C)(C)C)C(C)(C)C.CCN=P(N=P(N(C)C)(N(C)C)N(C)C)(N(C)C)N(C)C.CCC(C)(C)O>>CC1=NN(C=N1)C2=CC=C(C=C2)NC3=NC4=C(CN(C[C@H](O4)C5=CC=CC=C5)C)C=C3,FALSE,5,0.805,
T-15,2,C1=CC(=CC(=C1)Br)C(F)(F)F,COC1=CC=CC(=C1)N,COc1ccc(OC)c([P+](C2CCCCC2)(C2CCCCC2)[Pd-2]2(OS(C)(=O)=O)c3ccccc3-c3ccccc3[NH+]2C)c1-c1c(C(C)C)cc(C(C)C)cc1C(C)C,CCN=P(N=P(N(C)C)(N(C)C)N(C)C)(N(C)C)N(C)C,CCC(C)(C)O,COC1=CC=CC(=C1)NC2=CC=CC(=C2)C(F)(F)F,brettphos-pd-g4,P2Et,t-AmOH,C1=CC(=CC(=C1)Br)C(F)(F)F.COC1=CC=CC(=C1)N>>COC1=CC=CC(=C1)NC2=CC=CC(=C2)C(F)(F)F,C1=CC(=CC(=C1)Br)C(F)(F)F.COC1=CC=CC(=C1)N.COc1ccc(OC)c([P+](C2CCCCC2)(C2CCCCC2)[Pd-2]2(OS(C)(=O)=O)c3ccccc3-c3ccccc3[NH+]2C)c1-c1c(C(C)C)cc(C(C)C)cc1C(C)C.CCN=P(N=P(N(C)C)(N(C)C)N(C)C)(N(C)C)N(C)C.CCC(C)(C)O>>COC1=CC=CC(=C1)NC2=CC=CC(=C2)C(F)(F)F,FALSE,1,0.84,0
T-15,2,C1=CC(=CC(=C1)Br)C(F)(F)F,COC1=CC=CC(=C1)N,C[NH+]1c2ccccc2-c2ccccc2[Pd-2]1(OS(C)(=O)=O)[P+](C(C)(C)C)(C(C)(C)C)C(C)(C)C,CCN=P(N=P(N(C)C)(N(C)C)N(C)C)(N(C)C)N(C)C,CS(C)=O,COC1=CC=CC(=C1)NC2=CC=CC(=C2)C(F)(F)F,p(tbu)3-pd-g4,P2Et,DMSO,C1=CC(=CC(=C1)Br)C(F)(F)F.COC1=CC=CC(=C1)N>>COC1=CC=CC(=C1)NC2=CC=CC(=C2)C(F)(F)F,C1=CC(=CC(=C1)Br)C(F)(F)F.COC1=CC=CC(=C1)N.C[NH+]1c2ccccc2-c2ccccc2[Pd-2]1(OS(C)(=O)=O)[P+](C(C)(C)C)(C(C)(C)C)C(C)(C)C.CCN=P(N=P(N(C)C)(N(C)C)N(C)C)(N(C)C)N(C)C.CS(C)=O>>COC1=CC=CC(=C1)NC2=CC=CC(=C2)C(F)(F)F,FALSE,1,0.825,13
T-15,2,C1=CC(=CC(=C1)Br)C(F)(F)F,COC1=CC=CC(=C1)N,CC(C)Oc1cccc(OC(C)C)c1-c1ccccc1[P+](C1CCCCC1)(C1CCCCC1)[Pd-2]1(OS(C)(=O)=O)c2ccccc2-c2ccccc2[NH+]1C,CCN=P(N=P(N(C)C)(N(C)C)N(C)C)(N(C)C)N(C)C,CCC(C)(C)O,COC1=CC=CC(=C1)NC2=CC=CC(=C2)C(F)(F)F,ruphos-pd-g4,P2Et,t-AmOH,C1=CC(=CC(=C1)Br)C(F)(F)F.COC1=CC=CC(=C1)N>>COC1=CC=CC(=C1)NC2=CC=CC(=C2)C(F)(F)F,C1=CC(=CC(=C1)Br)C(F)(F)F.COC1=CC=CC(=C1)N.CC(C)Oc1cccc(OC(C)C)c1-c1ccccc1[P+](C1CCCCC1)(C1CCCCC1)[Pd-2]1(OS(C)(=O)=O)c2ccccc2-c2ccccc2[NH+]1C.CCN=P(N=P(N(C)C)(N(C)C)N(C)C)(N(C)C)N(C)C.CCC(C)(C)O>>COC1=CC=CC(=C1)NC2=CC=CC(=C2)C(F)(F)F,FALSE,1,0.815,0
T-15,2,C1=CC(=CC(=C1)Br)C(F)(F)F,COC1=CC=CC(=C1)N,CC(C)c1cc(C(C)C)c(-c2ccccc2[P+](C2CCCCC2)(C2CCCCC2)[Pd-2]2(OS(C)(=O)=O)c3ccccc3-c3ccccc3[NH+]2C)c(C(C)C)c1,CCN=P(N=P(N(C)C)(N(C)C)N(C)C)(N(C)C)N(C)C,CCC(C)(C)O,COC1=CC=CC(=C1)NC2=CC=CC(=C2)C(F)(F)F,xphos-pd-g4,P2Et,t-AmOH,C1=CC(=CC(=C1)Br)C(F)(F)F.COC1=CC=CC(=C1)N>>COC1=CC=CC(=C1)NC2=CC=CC(=C2)C(F)(F)F,C1=CC(=CC(=C1)Br)C(F)(F)F.COC1=CC=CC(=C1)N.CC(C)c1cc(C(C)C)c(-c2ccccc2[P+](C2CCCCC2)(C2CCCCC2)[Pd-2]2(OS(C)(=O)=O)c3ccccc3-c3ccccc3[NH+]2C)c(C(C)C)c1.CCN=P(N=P(N(C)C)(N(C)C)N(C)C)(N(C)C)N(C)C.CCC(C)(C)O>>COC1=CC=CC(=C1)NC2=CC=CC(=C2)C(F)(F)F,FALSE,1,0.805,24
T-15,2,C1=CC(=CC(=C1)Br)C(F)(F)F,COC1=CC=CC(=C1)N,CC(C)c1cc(C(C)C)c(-c2ccccc2[P+](C2CCCCC2)(C2CCCCC2)[Pd-2]2(OS(C)(=O)=O)c3ccccc3-c3ccccc3[NH+]2C)c(C(C)C)c1,CCN=P(N=P(N(C)C)(N(C)C)N(C)C)(N(C)C)N(C)C,CC(=O)N(C)C,COC1=CC=CC(=C1)NC2=CC=CC(=C2)C(F)(F)F,xphos-pd-g4,P2Et,DMA,C1=CC(=CC(=C1)Br)C(F)(F)F.COC1=CC=CC(=C1)N>>COC1=CC=CC(=C1)NC2=CC=CC(=C2)C(F)(F)F,C1=CC(=CC(=C1)Br)C(F)(F)F.COC1=CC=CC(=C1)N.CC(C)c1cc(C(C)C)c(-c2ccccc2[P+](C2CCCCC2)(C2CCCCC2)[Pd-2]2(OS(C)(=O)=O)c3ccccc3-c3ccccc3[NH+]2C)c(C(C)C)c1.CCN=P(N=P(N(C)C)(N(C)C)N(C)C)(N(C)C)N(C)C.CC(=O)N(C)C>>COC1=CC=CC(=C1)NC2=CC=CC(=C2)C(F)(F)F,FALSE,1,0.805,16
T-16,2,C1=C(C=NN=C1Cl)Cl,CC(C)(C)OC(=O)N,CC(C)c1cc(C(C)C)c(-c2ccccc2[P+](C2CCCCC2)(C2CCCCC2)[Pd-2]2(OS(C)(=O)=O)c3ccccc3-c3ccccc3[NH+]2C)c(C(C)C)c1,CCN=P(N=P(N(C)C)(N(C)C)N(C)C)(N(C)C)N(C)C,CCC(C)(C)O,CC(C)(C)OC(=O)NC1=NN=CC(=C1)Cl,xphos-pd-g4,P2Et,t-AmOH,C1=C(C=NN=C1Cl)Cl.CC(C)(C)OC(=O)N>>CC(C)(C)OC(=O)NC1=NN=CC(=C1)Cl,C1=C(C=NN=C1Cl)Cl.CC(C)(C)OC(=O)N.CC(C)c1cc(C(C)C)c(-c2ccccc2[P+](C2CCCCC2)(C2CCCCC2)[Pd-2]2(OS(C)(=O)=O)c3ccccc3-c3ccccc3[NH+]2C)c(C(C)C)c1.CCN=P(N=P(N(C)C)(N(C)C)N(C)C)(N(C)C)N(C)C.CCC(C)(C)O>>CC(C)(C)OC(=O)NC1=NN=CC(=C1)Cl,FALSE,1,0.83,
T-16,2,C1=C(C=NN=C1Cl)Cl,CC(C)(C)OC(=O)N,CC(C)c1cc(C(C)C)c(-c2ccccc2[P+](C2CCCCC2)(C2CCCCC2)[Pd-2]2(OS(C)(=O)=O)c3ccccc3-c3ccccc3[NH+]2C)c(C(C)C)c1,CCN=P(N=P(N(C)C)(N(C)C)N(C)C)(N(C)C)N(C)C,CC(=O)N(C)C,CC(C)(C)OC(=O)NC1=NN=CC(=C1)Cl,xphos-pd-g4,P2Et,DMA,C1=C(C=NN=C1Cl)Cl.CC(C)(C)OC(=O)N>>CC(C)(C)OC(=O)NC1=NN=CC(=C1)Cl,C1=C(C=NN=C1Cl)Cl.CC(C)(C)OC(=O)N.CC(C)c1cc(C(C)C)c(-c2ccccc2[P+](C2CCCCC2)(C2CCCCC2)[Pd-2]2(OS(C)(=O)=O)c3ccccc3-c3ccccc3[NH+]2C)c(C(C)C)c1.CCN=P(N=P(N(C)C)(N(C)C)N(C)C)(N(C)C)N(C)C.CC(=O)N(C)C>>CC(C)(C)OC(=O)NC1=NN=CC(=C1)Cl,FALSE,1,0.825,
T-16,2,C1=C(C=NN=C1Cl)Cl,CC(C)(C)OC(=O)N,CC(C)Oc1cccc(OC(C)C)c1-c1ccccc1[P+](C1CCCCC1)(C1CCCCC1)[Pd-2]1(OS(C)(=O)=O)c2ccccc2-c2ccccc2[NH+]1C,CCN=P(N=P(N(C)C)(N(C)C)N(C)C)(N(C)C)N(C)C,CCC(C)(C)O,CC(C)(C)OC(=O)NC1=NN=CC(=C1)Cl,ruphos-pd-g4,P2Et,t-AmOH,C1=C(C=NN=C1Cl)Cl.CC(C)(C)OC(=O)N>>CC(C)(C)OC(=O)NC1=NN=CC(=C1)Cl,C1=C(C=NN=C1Cl)Cl.CC(C)(C)OC(=O)N.CC(C)Oc1cccc(OC(C)C)c1-c1ccccc1[P+](C1CCCCC1)(C1CCCCC1)[Pd-2]1(OS(C)(=O)=O)c2ccccc2-c2ccccc2[NH+]1C.CCN=P(N=P(N(C)C)(N(C)C)N(C)C)(N(C)C)N(C)C.CCC(C)(C)O>>CC(C)(C)OC(=O)NC1=NN=CC(=C1)Cl,FALSE,1,0.82,
T-16,2,C1=C(C=NN=C1Cl)Cl,CC(C)(C)OC(=O)N,CC(C)Oc1cccc(OC(C)C)c1-c1ccccc1[P+](C1CCCCC1)(C1CCCCC1)[Pd-2]1(OS(C)(=O)=O)c2ccccc2-c2ccccc2[NH+]1C,CCN=P(N=P(N(C)C)(N(C)C)N(C)C)(N(C)C)N(C)C,CC(=O)N(C)C,CC(C)(C)OC(=O)NC1=NN=CC(=C1)Cl,ruphos-pd-g4,P2Et,DMA,C1=C(C=NN=C1Cl)Cl.CC(C)(C)OC(=O)N>>CC(C)(C)OC(=O)NC1=NN=CC(=C1)Cl,C1=C(C=NN=C1Cl)Cl.CC(C)(C)OC(=O)N.CC(C)Oc1cccc(OC(C)C)c1-c1ccccc1[P+](C1CCCCC1)(C1CCCCC1)[Pd-2]1(OS(C)(=O)=O)c2ccccc2-c2ccccc2[NH+]1C.CCN=P(N=P(N(C)C)(N(C)C)N(C)C)(N(C)C)N(C)C.CC(=O)N(C)C>>CC(C)(C)OC(=O)NC1=NN=CC(=C1)Cl,FALSE,1,0.805,
T-16,2,C1=C(C=NN=C1Cl)Cl,CC(C)(C)OC(=O)N,CC(C)c1cc(C(C)C)c(-c2ccccc2[P+](C2CCCCC2)(C2CCCCC2)[Pd-2]2(OS(C)(=O)=O)c3ccccc3-c3ccccc3[NH+]2C)c(C(C)C)c1,CCN=P(N=P(N(C)C)(N(C)C)N(C)C)(N(C)C)N(C)C,Cc1ccccc1,CC(C)(C)OC(=O)NC1=NN=CC(=C1)Cl,xphos-pd-g4,P2Et,Toluene,C1=C(C=NN=C1Cl)Cl.CC(C)(C)OC(=O)N>>CC(C)(C)OC(=O)NC1=NN=CC(=C1)Cl,C1=C(C=NN=C1Cl)Cl.CC(C)(C)OC(=O)N.CC(C)c1cc(C(C)C)c(-c2ccccc2[P+](C2CCCCC2)(C2CCCCC2)[Pd-2]2(OS(C)(=O)=O)c3ccccc3-c3ccccc3[NH+]2C)c(C(C)C)c1.CCN=P(N=P(N(C)C)(N(C)C)N(C)C)(N(C)C)N(C)C.Cc1ccccc1>>CC(C)(C)OC(=O)NC1=NN=CC(=C1)Cl,FALSE,1,0.805,
T-17,2,Brc1c(C)n(C)nc1C,CCCCNCCCC,CC(C)Oc1cccc(OC(C)C)c1-c1ccccc1[P+](C1CCCCC1)(C1CCCCC1)[Pd-2]1(OS(C)(=O)=O)c2ccccc2-c2ccccc2[NH+]1C,CCN=P(N=P(N(C)C)(N(C)C)N(C)C)(N(C)C)N(C)C,CCC(C)(C)O,CCCCN(CCCC)c1c(C)nn(C)c1C,ruphos-pd-g4,P2Et,t-AmOH,Brc1c(C)n(C)nc1C.CCCCNCCCC>>CCCCN(CCCC)c1c(C)nn(C)c1C,Brc1c(C)n(C)nc1C.CCCCNCCCC.CC(C)Oc1cccc(OC(C)C)c1-c1ccccc1[P+](C1CCCCC1)(C1CCCCC1)[Pd-2]1(OS(C)(=O)=O)c2ccccc2-c2ccccc2[NH+]1C.CCN=P(N=P(N(C)C)(N(C)C)N(C)C)(N(C)C)N(C)C.CCC(C)(C)O>>CCCCN(CCCC)c1c(C)nn(C)c1C,FALSE,24,0.86,28
T-17,2,Brc1c(C)n(C)nc1C,CCCCNCCCC,CC(C)Oc1cccc(OC(C)C)c1-c1ccccc1[P+](C1CCCCC1)(C1CCCCC1)[Pd-2]1(OS(C)(=O)=O)c2ccccc2-c2ccccc2[NH+]1C,CCN=P(N=P(N(C)C)(N(C)C)N(C)C)(N(C)C)N(C)C,CC(=O)N(C)C,CCCCN(CCCC)c1c(C)nn(C)c1C,ruphos-pd-g4,P2Et,DMA,Brc1c(C)n(C)nc1C.CCCCNCCCC>>CCCCN(CCCC)c1c(C)nn(C)c1C,Brc1c(C)n(C)nc1C.CCCCNCCCC.CC(C)Oc1cccc(OC(C)C)c1-c1ccccc1[P+](C1CCCCC1)(C1CCCCC1)[Pd-2]1(OS(C)(=O)=O)c2ccccc2-c2ccccc2[NH+]1C.CCN=P(N=P(N(C)C)(N(C)C)N(C)C)(N(C)C)N(C)C.CC(=O)N(C)C>>CCCCN(CCCC)c1c(C)nn(C)c1C,FALSE,24,0.825,37
T-17,2,Brc1c(C)n(C)nc1C,CCCCNCCCC,CC(C)c1cc(C(C)C)c(-c2ccccc2[P+](C2CCCCC2)(C2CCCCC2)[Pd-2]2(OS(C)(=O)=O)c3ccccc3-c3ccccc3[NH+]2C)c(C(C)C)c1,CCN=P(N=P(N(C)C)(N(C)C)N(C)C)(N(C)C)N(C)C,CC(=O)N(C)C,CCCCN(CCCC)c1c(C)nn(C)c1C,xphos-pd-g4,P2Et,DMA,Brc1c(C)n(C)nc1C.CCCCNCCCC>>CCCCN(CCCC)c1c(C)nn(C)c1C,Brc1c(C)n(C)nc1C.CCCCNCCCC.CC(C)c1cc(C(C)C)c(-c2ccccc2[P+](C2CCCCC2)(C2CCCCC2)[Pd-2]2(OS(C)(=O)=O)c3ccccc3-c3ccccc3[NH+]2C)c(C(C)C)c1.CCN=P(N=P(N(C)C)(N(C)C)N(C)C)(N(C)C)N(C)C.CC(=O)N(C)C>>CCCCN(CCCC)c1c(C)nn(C)c1C,FALSE,24,0.825,0
T-17,2,Brc1c(C)n(C)nc1C,CCCCNCCCC,CC(C)Oc1cccc(OC(C)C)c1-c1ccccc1[P+](C1CCCCC1)(C1CCCCC1)[Pd-2]1(OS(C)(=O)=O)c2ccccc2-c2ccccc2[NH+]1C,CCN=P(N=P(N(C)C)(N(C)C)N(C)C)(N(C)C)N(C)C,CS(C)=O,CCCCN(CCCC)c1c(C)nn(C)c1C,ruphos-pd-g4,P2Et,DMSO,Brc1c(C)n(C)nc1C.CCCCNCCCC>>CCCCN(CCCC)c1c(C)nn(C)c1C,Brc1c(C)n(C)nc1C.CCCCNCCCC.CC(C)Oc1cccc(OC(C)C)c1-c1ccccc1[P+](C1CCCCC1)(C1CCCCC1)[Pd-2]1(OS(C)(=O)=O)c2ccccc2-c2ccccc2[NH+]1C.CCN=P(N=P(N(C)C)(N(C)C)N(C)C)(N(C)C)N(C)C.CS(C)=O>>CCCCN(CCCC)c1c(C)nn(C)c1C,FALSE,24,0.821944444,42
T-17,2,Brc1c(C)n(C)nc1C,CCCCNCCCC,CC(C)c1cc(C(C)C)c(-c2ccccc2[P+](C2CCCCC2)(C2CCCCC2)[Pd-2]2(OS(C)(=O)=O)c3ccccc3-c3ccccc3[NH+]2C)c(C(C)C)c1,CCN=P(N=P(N(C)C)(N(C)C)N(C)C)(N(C)C)N(C)C,CCC(C)(C)O,CCCCN(CCCC)c1c(C)nn(C)c1C,xphos-pd-g4,P2Et,t-AmOH,Brc1c(C)n(C)nc1C.CCCCNCCCC>>CCCCN(CCCC)c1c(C)nn(C)c1C,Brc1c(C)n(C)nc1C.CCCCNCCCC.CC(C)c1cc(C(C)C)c(-c2ccccc2[P+](C2CCCCC2)(C2CCCCC2)[Pd-2]2(OS(C)(=O)=O)c3ccccc3-c3ccccc3[NH+]2C)c(C(C)C)c1.CCN=P(N=P(N(C)C)(N(C)C)N(C)C)(N(C)C)N(C)C.CCC(C)(C)O>>CCCCN(CCCC)c1c(C)nn(C)c1C,FALSE,24,0.81,0
T-18,2,C1=CC(=NC(=C1)Br)C(=O)O,CC1=CSC(=N1)N,COc1ccc(OC)c([P+](C2CCCCC2)(C2CCCCC2)[Pd-2]2(OS(C)(=O)=O)c3ccccc3-c3ccccc3[NH+]2C)c1-c1c(C(C)C)cc(C(C)C)cc1C(C)C,CCN=P(N=P(N(C)C)(N(C)C)N(C)C)(N(C)C)N(C)C,CCC(C)(C)O,CC1=CSC(=N1)NC2=CC=CC(=N2)C(=O)O,brettphos-pd-g4,P2Et,t-AmOH,C1=CC(=NC(=C1)Br)C(=O)O.CC1=CSC(=N1)N>>CC1=CSC(=N1)NC2=CC=CC(=N2)C(=O)O,C1=CC(=NC(=C1)Br)C(=O)O.CC1=CSC(=N1)N.COc1ccc(OC)c([P+](C2CCCCC2)(C2CCCCC2)[Pd-2]2(OS(C)(=O)=O)c3ccccc3-c3ccccc3[NH+]2C)c1-c1c(C(C)C)cc(C(C)C)cc1C(C)C.CCN=P(N=P(N(C)C)(N(C)C)N(C)C)(N(C)C)N(C)C.CCC(C)(C)O>>CC1=CSC(=N1)NC2=CC=CC(=N2)C(=O)O,FALSE,1,0.824310345,0
T-18,2,C1=CC(=NC(=C1)Br)C(=O)O,CC1=CSC(=N1)N,COc1ccc(OC)c([P+](C2CCCCC2)(C2CCCCC2)[Pd-2]2(OS(C)(=O)=O)c3ccccc3-c3ccccc3[NH+]2C)c1-c1c(C(C)C)cc(C(C)C)cc1C(C)C,CCN=P(N=P(N(C)C)(N(C)C)N(C)C)(N(C)C)N(C)C,Cc1ccccc1,CC1=CSC(=N1)NC2=CC=CC(=N2)C(=O)O,brettphos-pd-g4,P2Et,Toluene,C1=CC(=NC(=C1)Br)C(=O)O.CC1=CSC(=N1)N>>CC1=CSC(=N1)NC2=CC=CC(=N2)C(=O)O,C1=CC(=NC(=C1)Br)C(=O)O.CC1=CSC(=N1)N.COc1ccc(OC)c([P+](C2CCCCC2)(C2CCCCC2)[Pd-2]2(OS(C)(=O)=O)c3ccccc3-c3ccccc3[NH+]2C)c1-c1c(C(C)C)cc(C(C)C)cc1C(C)C.CCN=P(N=P(N(C)C)(N(C)C)N(C)C)(N(C)C)N(C)C.Cc1ccccc1>>CC1=CSC(=N1)NC2=CC=CC(=N2)C(=O)O,FALSE,1,0.82,0
T-18,2,C1=CC(=NC(=C1)Br)C(=O)O,CC1=CSC(=N1)N,CC(C)c1cc(C(C)C)c(-c2ccccc2[P+](C2CCCCC2)(C2CCCCC2)[Pd-2]2(OS(C)(=O)=O)c3ccccc3-c3ccccc3[NH+]2C)c(C(C)C)c1,CCN=P(N=P(N(C)C)(N(C)C)N(C)C)(N(C)C)N(C)C,CCC(C)(C)O,CC1=CSC(=N1)NC2=CC=CC(=N2)C(=O)O,xphos-pd-g4,P2Et,t-AmOH,C1=CC(=NC(=C1)Br)C(=O)O.CC1=CSC(=N1)N>>CC1=CSC(=N1)NC2=CC=CC(=N2)C(=O)O,C1=CC(=NC(=C1)Br)C(=O)O.CC1=CSC(=N1)N.CC(C)c1cc(C(C)C)c(-c2ccccc2[P+](C2CCCCC2)(C2CCCCC2)[Pd-2]2(OS(C)(=O)=O)c3ccccc3-c3ccccc3[NH+]2C)c(C(C)C)c1.CCN=P(N=P(N(C)C)(N(C)C)N(C)C)(N(C)C)N(C)C.CCC(C)(C)O>>CC1=CSC(=N1)NC2=CC=CC(=N2)C(=O)O,FALSE,1,0.8148659,0
T-18,2,C1=CC(=NC(=C1)Br)C(=O)O,CC1=CSC(=N1)N,CC(C)c1cc(C(C)C)c(-c2ccccc2[P+](C2CCCCC2)(C2CCCCC2)[Pd-2]2(OS(C)(=O)=O)c3ccccc3-c3ccccc3[NH+]2C)c(C(C)C)c1,CCN=P(N=P(N(C)C)(N(C)C)N(C)C)(N(C)C)N(C)C,CC(=O)N(C)C,CC1=CSC(=N1)NC2=CC=CC(=N2)C(=O)O,xphos-pd-g4,P2Et,DMA,C1=CC(=NC(=C1)Br)C(=O)O.CC1=CSC(=N1)N>>CC1=CSC(=N1)NC2=CC=CC(=N2)C(=O)O,C1=CC(=NC(=C1)Br)C(=O)O.CC1=CSC(=N1)N.CC(C)c1cc(C(C)C)c(-c2ccccc2[P+](C2CCCCC2)(C2CCCCC2)[Pd-2]2(OS(C)(=O)=O)c3ccccc3-c3ccccc3[NH+]2C)c(C(C)C)c1.CCN=P(N=P(N(C)C)(N(C)C)N(C)C)(N(C)C)N(C)C.CC(=O)N(C)C>>CC1=CSC(=N1)NC2=CC=CC(=N2)C(=O)O,FALSE,1,0.804310345,0
T-18,2,C1=CC(=NC(=C1)Br)C(=O)O,CC1=CSC(=N1)N,CC(C)c1cc(C(C)C)c(-c2ccccc2[P+](C2CCCCC2)(C2CCCCC2)[Pd-2]2(OS(C)(=O)=O)c3ccccc3-c3ccccc3[NH+]2C)c(C(C)C)c1,CCN=P(N=P(N(C)C)(N(C)C)N(C)C)(N(C)C)N(C)C,Cc1ccccc1,CC1=CSC(=N1)NC2=CC=CC(=N2)C(=O)O,xphos-pd-g4,P2Et,Toluene,C1=CC(=NC(=C1)Br)C(=O)O.CC1=CSC(=N1)N>>CC1=CSC(=N1)NC2=CC=CC(=N2)C(=O)O,C1=CC(=NC(=C1)Br)C(=O)O.CC1=CSC(=N1)N.CC(C)c1cc(C(C)C)c(-c2ccccc2[P+](C2CCCCC2)(C2CCCCC2)[Pd-2]2(OS(C)(=O)=O)c3ccccc3-c3ccccc3[NH+]2C)c(C(C)C)c1.CCN=P(N=P(N(C)C)(N(C)C)N(C)C)(N(C)C)N(C)C.Cc1ccccc1>>CC1=CSC(=N1)NC2=CC=CC(=N2)C(=O)O,FALSE,1,0.800555556,0
T-19,2,C1=CN=C(C=C1Cl)Cl,CC(C)CN,CC(C)c1cc(C(C)C)c(-c2ccccc2[P+](C2CCCCC2)(C2CCCCC2)[Pd-2]2(OS(C)(=O)=O)c3ccccc3-c3ccccc3[NH+]2C)c(C(C)C)c1,CCN=P(N=P(N(C)C)(N(C)C)N(C)C)(N(C)C)N(C)C,CC(=O)N(C)C,CC(C)CNC1=NC=CC(=C1)Cl,xphos-pd-g4,P2Et,DMA,C1=CN=C(C=C1Cl)Cl.CC(C)CN>>CC(C)CNC1=NC=CC(=C1)Cl,C1=CN=C(C=C1Cl)Cl.CC(C)CN.CC(C)c1cc(C(C)C)c(-c2ccccc2[P+](C2CCCCC2)(C2CCCCC2)[Pd-2]2(OS(C)(=O)=O)c3ccccc3-c3ccccc3[NH+]2C)c(C(C)C)c1.CCN=P(N=P(N(C)C)(N(C)C)N(C)C)(N(C)C)N(C)C.CC(=O)N(C)C>>CC(C)CNC1=NC=CC(=C1)Cl,FALSE,1,0.839848485,
T-19,2,C1=CN=C(C=C1Cl)Cl,CC(C)CN,CC(C)c1cc(C(C)C)c(-c2ccccc2[P+](C2CCCCC2)(C2CCCCC2)[Pd-2]2(OS(C)(=O)=O)c3ccccc3-c3ccccc3[NH+]2C)c(C(C)C)c1,CCN=P(N=P(N(C)C)(N(C)C)N(C)C)(N(C)C)N(C)C,CCC(C)(C)O,CC(C)CNC1=NC=CC(=C1)Cl,xphos-pd-g4,P2Et,t-AmOH,C1=CN=C(C=C1Cl)Cl.CC(C)CN>>CC(C)CNC1=NC=CC(=C1)Cl,C1=CN=C(C=C1Cl)Cl.CC(C)CN.CC(C)c1cc(C(C)C)c(-c2ccccc2[P+](C2CCCCC2)(C2CCCCC2)[Pd-2]2(OS(C)(=O)=O)c3ccccc3-c3ccccc3[NH+]2C)c(C(C)C)c1.CCN=P(N=P(N(C)C)(N(C)C)N(C)C)(N(C)C)N(C)C.CCC(C)(C)O>>CC(C)CNC1=NC=CC(=C1)Cl,FALSE,1,0.829848485,
T-19,2,C1=CN=C(C=C1Cl)Cl,CC(C)CN,CC(C)Oc1cccc(OC(C)C)c1-c1ccccc1[P+](C1CCCCC1)(C1CCCCC1)[Pd-2]1(OS(C)(=O)=O)c2ccccc2-c2ccccc2[NH+]1C,CCN=P(N=P(N(C)C)(N(C)C)N(C)C)(N(C)C)N(C)C,CC(=O)N(C)C,CC(C)CNC1=NC=CC(=C1)Cl,ruphos-pd-g4,P2Et,DMA,C1=CN=C(C=C1Cl)Cl.CC(C)CN>>CC(C)CNC1=NC=CC(=C1)Cl,C1=CN=C(C=C1Cl)Cl.CC(C)CN.CC(C)Oc1cccc(OC(C)C)c1-c1ccccc1[P+](C1CCCCC1)(C1CCCCC1)[Pd-2]1(OS(C)(=O)=O)c2ccccc2-c2ccccc2[NH+]1C.CCN=P(N=P(N(C)C)(N(C)C)N(C)C)(N(C)C)N(C)C.CC(=O)N(C)C>>CC(C)CNC1=NC=CC(=C1)Cl,FALSE,1,0.82,
T-19,2,C1=CN=C(C=C1Cl)Cl,CC(C)CN,CC(C)Oc1cccc(OC(C)C)c1-c1ccccc1[P+](C1CCCCC1)(C1CCCCC1)[Pd-2]1(OS(C)(=O)=O)c2ccccc2-c2ccccc2[NH+]1C,CCN=P(N=P(N(C)C)(N(C)C)N(C)C)(N(C)C)N(C)C,CCC(C)(C)O,CC(C)CNC1=NC=CC(=C1)Cl,ruphos-pd-g4,P2Et,t-AmOH,C1=CN=C(C=C1Cl)Cl.CC(C)CN>>CC(C)CNC1=NC=CC(=C1)Cl,C1=CN=C(C=C1Cl)Cl.CC(C)CN.CC(C)Oc1cccc(OC(C)C)c1-c1ccccc1[P+](C1CCCCC1)(C1CCCCC1)[Pd-2]1(OS(C)(=O)=O)c2ccccc2-c2ccccc2[NH+]1C.CCN=P(N=P(N(C)C)(N(C)C)N(C)C)(N(C)C)N(C)C.CCC(C)(C)O>>CC(C)CNC1=NC=CC(=C1)Cl,FALSE,1,0.815,
T-20,2,C1=CC(=C(C=C1Cl)Br)C#N,C1CNCCN1,C[NH+]1c2ccccc2-c2ccccc2[Pd-2]1(OS(C)(=O)=O)[P+](C(C)(C)C)(C(C)(C)C)C(C)(C)C,CCN=P(N=P(N(C)C)(N(C)C)N(C)C)(N(C)C)N(C)C,CS(C)=O,C1CN(CCN1)C2=C(C=CC(=C2)Cl)C#N,p(tbu)3-pd-g4,P2Et,DMSO,C1=CC(=C(C=C1Cl)Br)C#N.C1CNCCN1>>C1CN(CCN1)C2=C(C=CC(=C2)Cl)C#N,C1=CC(=C(C=C1Cl)Br)C#N.C1CNCCN1.C[NH+]1c2ccccc2-c2ccccc2[Pd-2]1(OS(C)(=O)=O)[P+](C(C)(C)C)(C(C)(C)C)C(C)(C)C.CCN=P(N=P(N(C)C)(N(C)C)N(C)C)(N(C)C)N(C)C.CS(C)=O>>C1CN(CCN1)C2=C(C=CC(=C2)Cl)C#N,FALSE,1,0.85,
T-20,2,C1=CC(=C(C=C1Cl)Br)C#N,C1CNCCN1,CC(C)c1cc(C(C)C)c(-c2ccccc2[P+](C2CCCCC2)(C2CCCCC2)[Pd-2]2(OS(C)(=O)=O)c3ccccc3-c3ccccc3[NH+]2C)c(C(C)C)c1,CCN=P(N=P(N(C)C)(N(C)C)N(C)C)(N(C)C)N(C)C,CC(=O)N(C)C,C1CN(CCN1)C2=C(C=CC(=C2)Cl)C#N,xphos-pd-g4,P2Et,DMA,C1=CC(=C(C=C1Cl)Br)C#N.C1CNCCN1>>C1CN(CCN1)C2=C(C=CC(=C2)Cl)C#N,C1=CC(=C(C=C1Cl)Br)C#N.C1CNCCN1.CC(C)c1cc(C(C)C)c(-c2ccccc2[P+](C2CCCCC2)(C2CCCCC2)[Pd-2]2(OS(C)(=O)=O)c3ccccc3-c3ccccc3[NH+]2C)c(C(C)C)c1.CCN=P(N=P(N(C)C)(N(C)C)N(C)C)(N(C)C)N(C)C.CC(=O)N(C)C>>C1CN(CCN1)C2=C(C=CC(=C2)Cl)C#N,FALSE,1,0.835,
T-20,2,C1=CC(=C(C=C1Cl)Br)C#N,C1CNCCN1,CC(C)Oc1cccc(OC(C)C)c1-c1ccccc1[P+](C1CCCCC1)(C1CCCCC1)[Pd-2]1(OS(C)(=O)=O)c2ccccc2-c2ccccc2[NH+]1C,CCN=P(N=P(N(C)C)(N(C)C)N(C)C)(N(C)C)N(C)C,CCC(C)(C)O,C1CN(CCN1)C2=C(C=CC(=C2)Cl)C#N,ruphos-pd-g4,P2Et,t-AmOH,C1=CC(=C(C=C1Cl)Br)C#N.C1CNCCN1>>C1CN(CCN1)C2=C(C=CC(=C2)Cl)C#N,C1=CC(=C(C=C1Cl)Br)C#N.C1CNCCN1.CC(C)Oc1cccc(OC(C)C)c1-c1ccccc1[P+](C1CCCCC1)(C1CCCCC1)[Pd-2]1(OS(C)(=O)=O)c2ccccc2-c2ccccc2[NH+]1C.CCN=P(N=P(N(C)C)(N(C)C)N(C)C)(N(C)C)N(C)C.CCC(C)(C)O>>C1CN(CCN1)C2=C(C=CC(=C2)Cl)C#N,FALSE,1,0.83,
T-20,2,C1=CC(=C(C=C1Cl)Br)C#N,C1CNCCN1,CC(C)c1cc(C(C)C)c(-c2ccccc2[P+](C2CCCCC2)(C2CCCCC2)[Pd-2]2(OS(C)(=O)=O)c3ccccc3-c3ccccc3[NH+]2C)c(C(C)C)c1,CCN=P(N=P(N(C)C)(N(C)C)N(C)C)(N(C)C)N(C)C,CCC(C)(C)O,C1CN(CCN1)C2=C(C=CC(=C2)Cl)C#N,xphos-pd-g4,P2Et,t-AmOH,C1=CC(=C(C=C1Cl)Br)C#N.C1CNCCN1>>C1CN(CCN1)C2=C(C=CC(=C2)Cl)C#N,C1=CC(=C(C=C1Cl)Br)C#N.C1CNCCN1.CC(C)c1cc(C(C)C)c(-c2ccccc2[P+](C2CCCCC2)(C2CCCCC2)[Pd-2]2(OS(C)(=O)=O)c3ccccc3-c3ccccc3[NH+]2C)c(C(C)C)c1.CCN=P(N=P(N(C)C)(N(C)C)N(C)C)(N(C)C)N(C)C.CCC(C)(C)O>>C1CN(CCN1)C2=C(C=CC(=C2)Cl)C#N,FALSE,1,0.83,
