,Model,train_data,test_data,Balanced Accuracy,Balanced Accuracy Avg,Balanced Accuracy Std,ROC AUC,ROC AUC Avg,ROC AUC Std,F1 Score,F1 Score Avg,F1 Score Std,F0 Score,F0 Score Avg,F0 Score Std,AU-PR-C,AU-PR-C Avg,AU-PR-C Std,Precision 1,Precision 1 Avg,Precision 1 Std,Recall 1,Recall 1 Avg,Recall 1 Std
0,rf_model,Dreher 2014,Outter Clusters,"[0.5, 0.5, 0.5, 0.5, 0.5, 0.5, 0.5, 0.5, 0.5, 0.5, 0.5, 0.5]",0.5,0.0,"[0.5096422078157817, 0.4391450686996389, 0.46522986885197215, 0.4858316222669951, 0.49349485817720523, 0.4576496716812407, 0.5020430577510054, 0.47349320762728114, 0.4795347826433182, 0.48491701448618096, 0.49791281366338025, 0.46497868179996127]",0.47948940462199685,0.019531187589964784,"[0.0, 0.0, 0.0, 0.0, 0.0, 0.0, 0.0, 0.0, 0.0, 0.0, 0.0, 0.0]",0.0,0.0,"[0.7476727739219104, 0.7669112838770616, 0.7678597516435355, 0.7674016269739021, 0.7306060606060606, 0.7514754098360655, 0.7143326488706365, 0.728522078702313, 0.759133874103372, 0.7136412631242764, 0.7530408737261205, 0.729319955406912]",0.7441598000660138,0.01927424652753274,"[0.4797652485053867, 0.46557319209576786, 0.4646292527817938, 0.45575475594941034, 0.4857130962183771, 0.39119271977073083, 0.6966725107129441, 0.42611468402127417, 0.4758885866302294, 0.5266180526396568, 0.461982155450963, 0.4839287758951779]",0.48448608588930936,0.07135064893733768,"[0.0, 0.0, 0.0, 0.0, 0.0, 0.0, 0.0, 0.0, 0.0, 0.0, 0.0, 0.0]",0.0,0.0,"[0.0, 0.0, 0.0, 0.0, 0.0, 0.0, 0.0, 0.0, 0.0, 0.0, 0.0, 0.0]",0.0,0.0
1,gradient_boosting_model,Dreher 2014,Outter Clusters,"[0.49922278861147534, 0.4987897233467728, 0.49856940744636113, 0.49862088164469326, 0.4991845819148176, 0.4979632609926922, 0.4990947302391821, 0.49851052699790116, 0.49877311332732915, 0.5004861783564252, 0.4988684703988045, 0.4986214198930209]",0.4988920902641229,0.0005817745891518927,"[0.5438922727525859, 0.536028326861671, 0.5279019503497695, 0.5375333752061812, 0.5139761723778202, 0.5210232343513287, 0.5034707558798772, 0.5135961728717705, 0.5236271568612897, 0.5259078004314743, 0.5203088822268509, 0.5048285699304059]",0.522674555841752,0.012047314809959329,"[0.0023343275839709508, 0.0030921459492888066, 0.0018744142455482662, 0.0015720798616569722, 0.003353828954723309, 0.004238669709814151, 0.0037137551778317385, 0.0032935364347468094, 0.0044107512060647825, 0.004167824395665463, 0.0020582181711261394, 0.005436259853220984]",0.0032954842953048648,0.0011232851289126574,"[0.7466157241197589, 0.7653053796316518, 0.7662252140191702, 0.7658617511520738, 0.7293974806495674, 0.7489519112207151, 0.7130220119317013, 0.726698024459078, 0.7573324374265077, 0.7135549872122762, 0.7516827626573017, 0.7273066030705023]",0.7426628572958588,0.019040085436573612,"[0.4365971359243917, 0.4022413843371434, 0.3960172959989814, 0.4022354411874869, 0.43884269128509423, 0.41027077786742694, 0.4517636870558488, 0.4393235767050498, 0.40486609692302405, 0.47400966938794226, 0.409738178720754, 0.43103278449039806]",0.42474489332362847,0.023123867125171723,"[0.225, 0.19230769230769232, 0.13043478260869565, 0.11904761904761904, 0.2727272727272727, 0.18571428571428572, 0.28888888888888886, 0.21052631578947367, 0.2318840579710145, 0.6, 0.17073170731707318, 0.2702702702702703]",0.24146107438685716,0.11964010040345041,"[0.0011732499022291747, 0.0015586034912718205, 0.0009439899307740718, 0.0007912644405760405, 0.001687289088863892, 0.0021437994722955144, 0.0018688901667625072, 0.0016597510373443983, 0.002226551628165878, 0.002091175240485153, 0.0010353498003253957, 0.0027457440966501922]",0.0016604715246453362,0.0005678129732684045
2,lr_model,Dreher 2014,Outter Clusters,"[0.4248953225599892, 0.3958405147718104, 0.3941878465726604, 0.3929520473102049, 0.4183354880308149, 0.39416612560840275, 0.4198766298756758, 0.4233266579438917, 0.4170526814227161, 0.42044523331055145, 0.41282343489220086, 0.42411910384822205]",0.41150175717892834,0.01257464018162475,"[0.4606314294820145, 0.4287852062761146, 0.42836386064342663, 0.4257993137192866, 0.43951616524655696, 0.4122182611768823, 0.44038888175898006, 0.44196866673139595, 0.4477083073832779, 0.46908373582256646, 0.43502757431701156, 0.44315378662817867]",0.43938709909880763,0.014719652412507563,"[0.47318834199172316, 0.42083590693843936, 0.4182355686945698, 0.4175376254180602, 0.481307945369355, 0.4300160882555734, 0.493853440476824, 0.48554741635319737, 0.45, 0.5036138488754107, 0.44908906882591093, 0.4858668495566551]",0.45909100839630995,0.03053312939934153,"[0.2208620914181534, 0.2247485186716274, 0.2240055344171567, 0.22327526132404182, 0.22631970260223047, 0.24042879019908117, 0.24003196164602478, 0.23898081710352906, 0.2329883570504528, 0.21034011417544424, 0.2428710529976353, 0.2384442348160511]",0.230274703035119,0.009692521583868787,"[0.38094266646218156, 0.34152492010653696, 0.3413355089081569, 0.33964124916182403, 0.3873507155246321, 0.3491054582685841, 0.40818243244476393, 0.39007278981986526, 0.36018194876195875, 0.43654956286897467, 0.35920933360260393, 0.38911479965024875]",0.37360094879836087,0.029045615957686507,"[0.3572425712956192, 0.31417153396864433, 0.31195357833655707, 0.3116954045408442, 0.37281853281853283, 0.32998236331569664, 0.39205745669624, 0.3780638199475875, 0.3374843467371643, 0.39502061528702825, 0.34133394876528966, 0.37771345875542695]",0.35162813587205255,0.029893601077587494,"[0.7005605527310651, 0.6371571072319202, 0.6343612334801763, 0.6322202880202563, 0.6788526434195725, 0.6170844327176781, 0.6670500287521565, 0.6784232365145229, 0.6750626217645421, 0.6945490032064687, 0.6562638662919686, 0.6808072487644151]",0.6626993552412285,0.025758946392362075
3,mlp_model,Dreher 2014,Outter Clusters,"[0.4851715710944305, 0.46956063624690053, 0.4689056853002903, 0.4675877316725727, 0.47971360291390375, 0.46847515391380823, 0.47427987865446125, 0.4820157138268245, 0.4837838041767112, 0.47743577150297306, 0.4876136401008386, 0.4841206005347779]",0.4773886491615411,0.007050828235332393,"[0.477880588888061, 0.4613338603987426, 0.46045751273021424, 0.4589504700037905, 0.47294770896794264, 0.46236276042745905, 0.46776404559535933, 0.475908352691535, 0.47684618075316787, 0.46827439781655544, 0.4825408909793707, 0.4779650608610562]",0.47026931917610454,0.007783395865406258,"[0.4658833447494599, 0.42346048366990774, 0.420767437464558, 0.4199175388518871, 0.47255539143279174, 0.43317086565524815, 0.4826564621651648, 0.47408277076606986, 0.4504113853680231, 0.49472078836227124, 0.45244498777506115, 0.4755976964690827]",0.4554724293941272,0.02492736438250949,"[0.4690724349237941, 0.4831824784892167, 0.4854184158970053, 0.483945601264037, 0.4618074395611021, 0.48059382273384915, 0.4450476694915254, 0.4675818624829144, 0.4805590584279109, 0.43231843943587717, 0.4961187985150185, 0.4697994471563842]",0.47128712236488624,0.01734071351845929,"[0.560699152495186, 0.5219903723515904, 0.5193954981840525, 0.518765228390979, 0.5698877815132555, 0.5341698451710057, 0.5824693575690782, 0.5717004137798354, 0.5459111446085652, 0.5908290043396112, 0.5487727735810769, 0.5724775422828552]",0.5530890095222576,0.024253025509159327,"[0.39096215068977713, 0.3528250934773577, 0.3509196006305833, 0.3504128731738302, 0.4075206358911648, 0.37104551334823005, 0.4228855721393035, 0.41183069862315147, 0.3750231438622477, 0.4270379746835443, 0.38556099593707677, 0.41263752901988493]",0.3882218151230126,0.027067723869727993,"[0.5763264241950202, 0.5294576059850374, 0.525330396475771, 0.5238170596613388, 0.5622890888638921, 0.5202836411609498, 0.5621046578493387, 0.5585062240663901, 0.5637350403562482, 0.5878990659417259, 0.54740423014347, 0.5612300933552993]",0.5515319606712068,0.021197187808052225
4,knn_model,Dreher 2014,Outter Clusters,"[0.5131275291157473, 0.5119709608026357, 0.5128340543768852, 0.5122584882391871, 0.5061717094830173, 0.5090008495765931, 0.5021669908846704, 0.5047743434643275, 0.5134977073341026, 0.5083856875830047, 0.510564381866209, 0.5038639150130505]",0.5090513848116192,0.0037983325705595434,"[0.5351538521934531, 0.5403634521583299, 0.5413403965547959, 0.5404607348229347, 0.515818553904839, 0.5269705672938337, 0.5052764851925238, 0.5141351157564141, 0.5375303670949331, 0.5242628657969611, 0.5314735018119914, 0.5130607866835244]",0.5271538899387113,0.011995685667293978,"[0.16503074102038615, 0.16132737715379705, 0.16422513492675406, 0.1633497027655725, 0.15499707773232027, 0.1694689084601014, 0.15903156895323997, 0.14591078066914498, 0.16268382352941177, 0.16722562738522032, 0.16503327283726557, 0.1417832774372615]",0.16000560773920627,0.008097690085478164,"[0.7312246102565884, 0.7483050522848278, 0.7494027895507436, 0.748562995184092, 0.7103417878751452, 0.7290378754897693, 0.6902972027972027, 0.7088778015363902, 0.7426190139850262, 0.6945493107104984, 0.7332740694932941, 0.7095157944181312]",0.7246673586318092,0.020356256880151913,"[0.4410596048841766, 0.42089587363252734, 0.42126566771968227, 0.4205575840617511, 0.4385404191286348, 0.4286211977964648, 0.45153089140020647, 0.44346814672868473, 0.4285054974278786, 0.466066274645573, 0.4277640759060418, 0.44122103452879047]",0.4357913556550343,0.01329755912679107,"[0.478125, 0.44538407329105, 0.4481065918653576, 0.44538407329105, 0.4594594594594595, 0.44405594405594406, 0.4557823129251701, 0.45573294629898403, 0.466403162055336, 0.49050203527815467, 0.45345744680851063, 0.44974321349963314]",0.4576780215690541,0.013669928830406656,"[0.09972624168947986, 0.09850374064837905, 0.10053492762743864, 0.10001582528881152, 0.09322272215973003, 0.10471635883905013, 0.09631972397929844, 0.08686030428769018, 0.0985249095463401, 0.10079464659138436, 0.10087265197455998, 0.08415705656232839]",0.09702075909954089,0.0058096824458816285
5,gaussianNB_model,Dreher 2014,Outter Clusters,"[0.4843934994258777, 0.48710791265559455, 0.48593560968530797, 0.48684425705370044, 0.4591365724400584, 0.4638938581828731, 0.4513262804098602, 0.4629474824214982, 0.48232164655891696, 0.4804524247572314, 0.4718711963206082, 0.46375170801063914]",0.4733318706601805,0.012116357150507963,"[0.49597389520401347, 0.5054986290786534, 0.5053125924952082, 0.5051967263756554, 0.464978414340161, 0.47430817750567533, 0.4523799228025924, 0.4697838325831718, 0.4980266365297018, 0.49302969662252194, 0.48217637484311776, 0.4707397218709248]",0.48478371835428313,0.01736098555549466,"[0.45343070467055424, 0.4298341828505065, 0.4274093837443873, 0.42937483651582525, 0.4564975718214265, 0.43587673260664783, 0.4700839219948077, 0.45792974676158243, 0.43570312951929197, 0.4764847660836784, 0.43588015440230377, 0.4555296856810245]",0.4470029013876697,0.016047047385771493,"[0.49150737717385795, 0.5208480182182942, 0.5209864445533235, 0.5203913378036715, 0.43432190487790023, 0.4626329957697731, 0.40466662144746657, 0.4445108825639799, 0.505650433284346, 0.47191571597780685, 0.4832463377673009, 0.45021746796755613]",0.47590796145043973,0.03634891867260956,"[0.5369173676229564, 0.5228814530004933, 0.5223127286792576, 0.5236439986779001, 0.5472873291166933, 0.5331234933848443, 0.5597504408997412, 0.5472278634238159, 0.5241474547606937, 0.5658161370015294, 0.5289568389942401, 0.5453219472633798]",0.5381155877354622,0.014291773819770221,"[0.3895860648061435, 0.3667290542772212, 0.3644434579957829, 0.365875403989747, 0.3909209339613188, 0.368151852693794, 0.4052253565108775, 0.39604360113039966, 0.3728343728343728, 0.4279529307282416, 0.372071129707113, 0.3954122877930477]",0.3846038705356716,0.018840934783661833,"[0.5423021770303741, 0.5191708229426434, 0.5166771554436753, 0.5195442316822282, 0.5485095613048369, 0.5341358839050132, 0.5596607245543416, 0.5427385892116182, 0.5240745894795436, 0.5374320368046842, 0.5261056056796332, 0.5372048325096102]",0.5339630175456834,0.012669290390167566
6,rf_model,Dreher 2016,Outter Clusters,"[0.5, 0.5, 0.5679759338762996, 0.5, 0.5, 0.5, 0.5, 0.5, 0.5, 0.5, 0.5, 0.5]",0.5056646611563583,0.01878755562014123,"[0.5262450010424916, 0.6097680889936072, 0.5528223328667758, 0.5441151965027471, 0.5584313174601178, 0.6137173655954984, 0.590729855169918, 0.5390390133961307, 0.5452197460496775, 0.5523180616486617, 0.545541876047451, 0.6020329293533148]",0.5649983986771993,0.029076445684615686,"[0.0, 0.0, 0.5282207668849672, 0.0, 0.0, 0.0, 0.0, 0.0, 0.0, 0.0, 0.0, 0.0]",0.04401839724041393,0.14599250751926854,"[0.7158673655296129, 0.7216952573158426, 0.6052290315833507, 0.7197371894523803, 0.6824054036330252, 0.7009102312566338, 0.6636931991460812, 0.7017575484452456, 0.7189213134725068, 0.7193689658604558, 0.7000387797311273, 0.7018224823361737]",0.6959538973135363,0.03197038501015322,"[0.6800484085579612, 0.5451994624493879, 0.446088533146503, 0.40814469729388114, 0.438903198470949, 0.5722336388886218, 0.6657529379564955, 0.47752065782990794, 0.6802446085978058, 0.47639348298093387, 0.6969583545851844, 0.5649927107277524]",0.5543733909571155,0.10137331316564822,"[0.0, 0.0, 0.5074440495629623, 0.0, 0.0, 0.0, 0.0, 0.0, 0.0, 0.0, 0.0, 0.0]",0.04228700413024686,0.1402501262082379,"[0.0, 0.0, 0.5507714762301918, 0.0, 0.0, 0.0, 0.0, 0.0, 0.0, 0.0, 0.0, 0.0]",0.045897623019182654,0.15222519432380785
7,gradient_boosting_model,Dreher 2016,Outter Clusters,"[0.4980209655518921, 0.5389070662503409, 0.5500637884614787, 0.5381660175810357, 0.505601953621239, 0.5047253997516667, 0.5044407348815054, 0.5032517625260859, 0.502363679253958, 0.5037681379536164, 0.5007757625325935, 0.5023815494422251]",0.5127055681506364,0.01744895281434885,"[0.6183173529691002, 0.6342088570222779, 0.6423945209154098, 0.6402957870233117, 0.5910471914402852, 0.6180069464545396, 0.6098973104026525, 0.6249430889158982, 0.6311544004291967, 0.611870675814878, 0.6125750997116957, 0.6172189020169495]",0.6209941777596829,0.013929590343964326,"[0.12100669434793662, 0.2462606396165606, 0.29737839545167405, 0.2667419719218977, 0.12607866291216277, 0.13872725593423849, 0.13040015926737009, 0.13196557419803528, 0.11294361454105863, 0.12760097919216645, 0.12016522718738266, 0.11096124449240176]",0.1608525349219071,0.06438180457872589,"[0.6950283715050128, 0.7170642429506467, 0.7152093201894764, 0.7092212196838804, 0.6702313624678663, 0.6845719311301289, 0.6506717850287908, 0.6851051751868554, 0.7038542477442417, 0.7029744230869407, 0.6831000202880909, 0.687998990185869]",0.69208592412065,0.018514251905390383,"[0.5269771342597261, 0.5464312280547838, 0.5572111756466497, 0.5475766130140898, 0.5478994909102648, 0.5483564590684245, 0.5844703139910609, 0.555550183655557, 0.5365143474699179, 0.5259067521673229, 0.545197654744002, 0.5507659202233502]",0.5477381061004292,0.014581339073580706,"[0.42908653846153844, 0.6086601307189542, 0.6129557291666666, 0.5822472701655512, 0.5245653817082389, 0.49149214659685864, 0.5351307189542484, 0.4815989847715736, 0.4576627011896431, 0.46488294314381273, 0.46715328467153283, 0.47903726708074534]",0.5112060913857803,0.05891027017317634,"[0.07043503995264871, 0.15435615870713768, 0.1963094245204337, 0.1729984301412873, 0.07164980384059468, 0.08076137219055812, 0.07424620267513035, 0.07645814445451798, 0.0644208037825059, 0.07394928178755099, 0.06895065718595131, 0.06274788975897488]",0.0972736007497743,0.045672194187665514
8,lr_model,Dreher 2016,Outter Clusters,"[0.5667293204476896, 0.5670465372126434, 0.5691642320037231, 0.5691368941791027, 0.5788940321719918, 0.5892134784597021, 0.5947505003873274, 0.5645216372868977, 0.5672687269349681, 0.5568728653766399, 0.5893616567526423, 0.5659909575637305]",0.5732459032314215,0.011387208002822837,"[0.6086038654922472, 0.6102269319036266, 0.6134419909057042, 0.6126934978710068, 0.6198680862376726, 0.6364720505054859, 0.6376799633207723, 0.6045118318257056, 0.6097552168147145, 0.5958822314502039, 0.6362418947536828, 0.6060304387101442]",0.6159506666492471,0.013211082554121012,"[0.5290273338739684, 0.5264567319613191, 0.52836434769524, 0.5292933360177169, 0.5519294142659722, 0.5514645720831288, 0.5735197072409862, 0.5363200316471345, 0.5279226320280649, 0.5194519621109608, 0.5517165854459836, 0.5374968773419935]",0.5385802943093725,0.01486646884895285,"[0.6027121645004225, 0.6049724899681462, 0.6077343456676818, 0.6067283431455004, 0.6055217594759008, 0.6271931813029877, 0.6133260810443296, 0.5921092696507025, 0.6044645694312043, 0.5914875260622618, 0.6272367162955881, 0.5939021715288441]",0.6064490515061308,0.011252084366594979,"[0.5434764990334424, 0.5357168357425425, 0.5397770566536472, 0.5402205405480613, 0.5809381481938504, 0.5757147896391035, 0.6168718044052451, 0.557268917718744, 0.5410089748373409, 0.5267899630169279, 0.5764062838121654, 0.5587059045214813]",0.557741309843546,0.02460233807380883,"[0.5121928690190283, 0.5049467275494672, 0.5091348477525375, 0.5098419470571124, 0.5687992988606485, 0.5595528005313261, 0.6091499936281382, 0.5267094017094017, 0.5088649241454944, 0.4965238480194018, 0.5609620309542367, 0.528285209192693]",0.5329136582016238,0.032746277641532394,"[0.5470060175594357, 0.5498808660520046, 0.5491034195162635, 0.5502878074306645, 0.5360313855048524, 0.5436068394451016, 0.5418272500566765, 0.5462879016822807, 0.5484633569739953, 0.5446001064018443, 0.5427709545356604, 0.5470354927285671]",0.5455751164906123,0.003916263283550364
9,mlp_model,Dreher 2016,Outter Clusters,"[0.5831202193226099, 0.5887870342495326, 0.5900976724658242, 0.5907175999173251, 0.6053056657500245, 0.6132082209982948, 0.6168346756210096, 0.5818051664124735, 0.584138502146257, 0.5778974060731984, 0.6131535048342469, 0.583960268175735]",0.5940854946638776,0.013424371743474928,"[0.6076423514685149, 0.6159758645782047, 0.6179309780139546, 0.618896843175222, 0.6361425435594841, 0.650135478109452, 0.6524908943244208, 0.6042673249458611, 0.6096027890506267, 0.5996389262676194, 0.6500439873967385, 0.6068156217824886]",0.6224653002227157,0.01864698109251621,"[0.5450798063557494, 0.5487130980235974, 0.5494051220004033, 0.5508830524771013, 0.582915633408959, 0.5764345159877354, 0.6002022485277497, 0.5535439710331829, 0.5442669845053635, 0.5428703977057062, 0.5767012687427913, 0.5550426492724537]",0.5605048956700661,0.017888303657881507,"[0.6196144443108492, 0.6262009814028288, 0.6286972416085078, 0.6284589944321178, 0.6276670905751024, 0.6503660851486939, 0.631584717425862, 0.6095180252483623, 0.6220992290966594, 0.6094757701315079, 0.6499841046369044, 0.6124125874125873]",0.6263399392858319,0.012910596021678529,"[0.6263242954450978, 0.626455279869429, 0.6280777383604701, 0.6295442921343651, 0.6749697481072059, 0.6659197229377607, 0.7010083834773605, 0.6379311480678042, 0.6246380849579687, 0.6214820833004899, 0.6665736696120089, 0.6391976372646346]",0.6451768402945496,0.024506927729358023,"[0.5301137423084095, 0.5281771132834963, 0.5319211245607185, 0.5333137370174407, 0.5960936656954786, 0.5871723368655885, 0.6314933032920266, 0.5452413523548955, 0.5273953617296498, 0.5176546288104239, 0.5882352941176471, 0.547786471229078]",0.5553831776054043,0.03454885130057786,"[0.5609154582223538, 0.5709105977416348, 0.5680775646371977, 0.5696493982208268, 0.570307660540987, 0.5660823744488654, 0.5718657900702788, 0.5621033544877606, 0.5622537431048069, 0.5706685582550097, 0.5656108597285068, 0.562493643852334]",0.5667449169425468,0.003844606690139447
10,knn_model,Dreher 2016,Outter Clusters,"[0.5491250100714958, 0.550108536924803, 0.5528973478545932, 0.5551616883673286, 0.5354939051228764, 0.5428126528297377, 0.5458447570697817, 0.5444456709680643, 0.5505747476226261, 0.5372738493084647, 0.5483516254736662, 0.5480127795435061]",0.5466752142630786,0.005644447340698414,"[0.5553247023221181, 0.5545052503726546, 0.5562108471520583, 0.5624059292864527, 0.5442142301517704, 0.5514513623826098, 0.5556851110175582, 0.5511950570787607, 0.5572753175077041, 0.543140166487664, 0.5585886869253784, 0.5512126220288075]",0.5534341068927947,0.005355434528589255,"[0.3571284668591767, 0.3599916183558008, 0.365296803652968, 0.37206367014935837, 0.345055260513851, 0.36173610103062853, 0.37533218696263876, 0.3483970105469023, 0.36168939142001993, 0.3300531752337877, 0.3746934064348579, 0.35646621289734054]",0.3589919420047776,0.012562360033977045,"[0.6904246030462763, 0.694780320442357, 0.6955144407373707, 0.6952734202198251, 0.6523428571428571, 0.6695475725236736, 0.6409703504043127, 0.6771413739401281, 0.6927485192892588, 0.6877652756017661, 0.6712183280230617, 0.6788753107601807]",0.6788835310109222,0.017061189976889938,"[0.5228674195264476, 0.5171801469687111, 0.5209435804031239, 0.5252640310397486, 0.5464602692818185, 0.5343309165026869, 0.5776351509341063, 0.5361448193194124, 0.5204342406707636, 0.5042065786969153, 0.5402402252657621, 0.5381392142684499]",0.5319872160731621,0.0177875406048649,"[0.5593184686579722, 0.5525300171526587, 0.5599827697609304, 0.5637484062898428, 0.5659133709981168, 0.5563741906675598, 0.6044813695871097, 0.5681093394077449, 0.556829817734999, 0.5311823726145977, 0.5670305676855896, 0.5749207786328655]",0.5633684557658323,0.016174028412111997,"[0.26230640228864555, 0.26696363824717706, 0.27105921601334443, 0.27765567765567767, 0.24819326863514352, 0.2679858049252608, 0.2721605078213557, 0.2512340082603002, 0.26782899921197795, 0.23940414967192764, 0.27978883861236803, 0.25831384114715755]",0.2635745293741947,0.01169875324797006
11,gaussianNB_model,Dreher 2016,Outter Clusters,"[0.5771098402936929, 0.5815290872932827, 0.587264366074355, 0.585322979013232, 0.5854628432928493, 0.5937155158473927, 0.5982720799692587, 0.5761220536942542, 0.5773110728784145, 0.5689862056075478, 0.5936136739590334, 0.5772214509793678]",0.5834942640752234,0.00833531407651653,"[0.5909067158163388, 0.6000892275477775, 0.6068162657523886, 0.6047603906481682, 0.5983322015694101, 0.609693462728454, 0.6096892122990003, 0.5880079214795104, 0.5911276381486197, 0.5819362166765047, 0.6097227922652766, 0.5892507713239021]",0.5983610680212793,0.009438920459081682,"[0.5775660385384321, 0.5794540419359093, 0.5841434049763667, 0.5833296049393764, 0.6125536134298759, 0.6025818129852808, 0.6290747969195063, 0.5870779048125498, 0.5762354528588295, 0.5733447594917843, 0.6030107526881722, 0.5873015873015873]",0.5913061475731393,0.016252971649252657,"[0.5547635059403722, 0.5568576589930057, 0.5658690997113863, 0.5627083626801896, 0.5459164369493541, 0.5698819405062638, 0.5631212723658051, 0.5486777099680326, 0.5544027666932695, 0.5350225362407114, 0.5696077923423656, 0.5511995318899942]",0.5565023845233957,0.009963155820782913,"[0.6474336605179505, 0.6508713218555576, 0.6545192094790275, 0.6547587795428285, 0.6837717503340911, 0.6734774993251917, 0.703408750399543, 0.6578673135302481, 0.6456647913774798, 0.6429166415965879, 0.6740744436988229, 0.6584112087989381]",0.6622646142046889,0.01725005798937826,"[0.5077026622793898, 0.5032834453268173, 0.510363098020882, 0.5094560800250079, 0.5535550554305243, 0.5408756627330255, 0.5882991318074191, 0.5240920958936625, 0.5037599528162784, 0.49444123128333656, 0.5418706518938418, 0.5252225519287834]",0.5252434682865808,0.02577244373837499,"[0.6697247706422018, 0.6827929141199627, 0.682860717264387, 0.6822605965463109, 0.6856287425149701, 0.6801806645875901, 0.6759238267966448, 0.6672710788757933, 0.6730693459416863, 0.6822131583614116, 0.6797026502908856, 0.6660225770365097]",0.6773042535815296,0.006443439368445697
12,rf_model,HiTEA 2024,Outter Clusters,"[0.5340621501234061, 0.5906210974456896, 0.5368784623690728, 0.5292385071708299, 0.5456852897515226, 0.5297583018071905, 0.5227022654622625, 0.5378726557280389, 0.5083543140638997, 0.5339311727052338, 0.5395064210064964, 0.5523234043813532]",0.5384111701679163,0.01898323133742588,"[0.5352676694661145, 0.5915767927895874, 0.5509956280884695, 0.5708095989161484, 0.5404194797238078, 0.554842629527948, 0.5271316995657437, 0.541345046191055, 0.5248576965599716, 0.5447032711004387, 0.5526679281689544, 0.5767387552882597]",0.5509463496155415,0.019288013261503763,"[0.5892330681313356, 0.6454342729715822, 0.590306302077221, 0.6835512732278045, 0.6531591303460242, 0.6647950045984801, 0.6625918889898406, 0.6438468644154778, 0.5921326591314694, 0.6488815072403592, 0.5942596597883907, 0.5766044268579202]",0.6287330048146588,0.03564189392279635,"[0.4146187050359712, 0.5280462744501103, 0.4784881983866149, 0.20275112703733672, 0.3817321688500728, 0.28937916880451514, 0.14216715665686686, 0.3780247356157017, 0.2750462595823421, 0.35454632191584773, 0.47925575812138943, 0.5278543849972422]",0.3709925216211676,0.11951949870221494,"[0.4851649695732182, 0.5865373034068249, 0.5615945220490268, 0.5770689836563566, 0.5556048995108399, 0.5643805165582684, 0.5140409018709555, 0.5472792806711255, 0.46680694319548866, 0.5575830143895867, 0.5573048638770368, 0.5769876656742831]",0.5458628220360843,0.03593892826704596,"[0.4848786972416085, 0.5911185588604944, 0.5526865179650587, 0.5376786487656995, 0.5489876458476322, 0.5396463654223969, 0.50411613146484, 0.5433050407067382, 0.45856608119781167, 0.5424331829225963, 0.5545494217761292, 0.56631042020889]",0.5353563926983247,0.0347369279594783,"[0.7508233841086867, 0.7107417201863745, 0.6334214834403727, 0.938043067623725, 0.8061224489795918, 0.8655155028989161, 0.966389591615468, 0.7900503778337532, 0.8354842094218865, 0.8073098282319514, 0.6400957058304999, 0.58727959697733]",0.7776064097623797,0.11380471896450779
13,gradient_boosting_model,HiTEA 2024,Outter Clusters,"[0.5023772568717613, 0.48737613642646255, 0.49081992756795834, 0.4912035967263513, 0.49413013738869166, 0.5022040321923896, 0.5154416573279113, 0.49017381444551283, 0.5063802719393605, 0.4941471148965089, 0.4812944794505071, 0.483903238677158]",0.49495430532588114,0.00948434416976255,"[0.5149926109762498, 0.49966324783758453, 0.502505079650351, 0.4948118818195756, 0.508924587031479, 0.504863250601169, 0.5224651268771574, 0.502224657021948, 0.5172896807680731, 0.5006722860840123, 0.4945482830058848, 0.49463874211335657]",0.5047999528155701,0.008908745863608188,"[0.3981884484178332, 0.3612892880051315, 0.3602595296025953, 0.37142857142857144, 0.35408112990638857, 0.39755543367546814, 0.40941792020928713, 0.3468027322854086, 0.41079757462686567, 0.3752553730489499, 0.3347667879589811, 0.34185094185094184]",0.3718078109180352,0.025427302097746133,"[0.5929020450385931, 0.5612469706983917, 0.5641988950276243, 0.560392944853762, 0.5726857887874837, 0.5641403548551669, 0.5931821594834059, 0.5708105769750716, 0.5937449750763788, 0.5634172805665011, 0.5614914958569559, 0.5648689625297812]",0.571923537479093,0.012806782838136199,"[0.4499957051862761, 0.4949748871218752, 0.5002093555424852, 0.4957015377723822, 0.5021191049433174, 0.503489442775955, 0.4860869625299707, 0.4973591387115426, 0.4449204613651262, 0.49803603982677386, 0.49545701470467346, 0.4911490367405025]",0.4882915572684066,0.018825857330134636,"[0.4645896239363162, 0.49724122710218494, 0.5060378218272955, 0.5070821529745042, 0.5084905660377359, 0.5253675709256574, 0.515934065934066, 0.5003562099263833, 0.4622752919564362, 0.5109034267912772, 0.4875933509997591, 0.4887587822014052]",0.4978858408844184,0.018453623532252952,"[0.3483944009880609, 0.2837174159425765, 0.2796876967636318, 0.2930361415438862, 0.2716049382716049, 0.3197630451222586, 0.33935670401156487, 0.26536523929471034, 0.3696359248767181, 0.2965258943561927, 0.25487973806825337, 0.2628463476070529]",0.29873445723720926,0.03567427182782416
14,lr_model,HiTEA 2024,Outter Clusters,"[0.48844984740702185, 0.4808907985829919, 0.48084932086261556, 0.4806883407259824, 0.4806994092044754, 0.48046504049159555, 0.4895443691270027, 0.48081035837052066, 0.4925809867072959, 0.4801908828477046, 0.48167911841655764, 0.48157722995448704]",0.48320214189152094,0.004147548515600078,"[0.49188565097246656, 0.4817907969826227, 0.4809418630671757, 0.4809065111168501, 0.48141654929716177, 0.4805986326516824, 0.4940172561415041, 0.4819054381718211, 0.497162227643967, 0.4811796842735694, 0.48093367816726273, 0.48212767366275583]",0.48457216351240334,0.005767292629234727,"[0.4896327989092106, 0.5217548948513415, 0.5235583045297435, 0.5233361619590253, 0.5219231932264893, 0.5233009708737864, 0.5141634285070676, 0.5215079748670856, 0.4897804334424053, 0.5223815732290309, 0.5243695441319107, 0.5220330798020042]",0.5164785298607584,0.012224579412452002,"[0.47980064216226576, 0.43792613636363636, 0.4363297223617189, 0.43619156868368225, 0.437406590278272, 0.4357943119793163, 0.46017145360115136, 0.4379789951745671, 0.4862231985100998, 0.4360384136060406, 0.4371592539454806, 0.4389172335600907]",0.44666146001886015,0.01751373883108184,"[0.4361019949312376, 0.485821248936795, 0.48795651308367766, 0.4877324647546387, 0.48608564765271167, 0.48789537823464557, 0.46681710566798695, 0.4857239202599748, 0.4309676728043729, 0.48750374653714257, 0.48790081671731694, 0.4854221351822993]",0.47632738706356653,0.01995909090791402,"[0.45070544447329697, 0.5015684907633322, 0.5049122807017544, 0.5044992403879864, 0.5019192741654065, 0.5045635384975428, 0.4827622673434856, 0.5011611704598236, 0.4468674281758394, 0.50298900047824, 0.5055523085914669, 0.5012752144678878]",0.49239797154217185,0.020352626467660374,"[0.5359201317414574, 0.5436343029845108, 0.5436343029845108, 0.5436343029845108, 0.5435878054925674, 0.5434837408621124, 0.5499337429225395, 0.5435768261964735, 0.541810932745777, 0.5433294588660725, 0.544641732779247, 0.5445843828715365]",0.5434809719526096,0.002947775527602381
15,mlp_model,HiTEA 2024,Outter Clusters,"[0.4623684014307967, 0.4572107585180842, 0.45778570178880074, 0.4582177070035981, 0.45526851624906073, 0.45775435593508856, 0.46158970756113554, 0.45473457460348443, 0.4652671633769939, 0.45322369965603576, 0.44502274980191364, 0.44529528294210907]",0.45614488490559174,0.005880870426713447,"[0.43870115835173473, 0.4338145491246963, 0.43486148896364746, 0.43549576056678097, 0.43135201962044734, 0.4344863856175029, 0.4360921917656755, 0.43236584735011363, 0.4418411654282442, 0.4302250065212864, 0.4244112702349264, 0.42700829610373514]",0.43338792830406586,0.004577821251209209,"[0.38327988499391796, 0.3814440592964083, 0.38385928608380754, 0.3839444115907747, 0.38100147275405005, 0.38414904628123614, 0.3841861731083288, 0.3810783017482004, 0.38400982636368713, 0.3778501628664495, 0.37413767796858943, 0.3712337805146251]",0.38084784029750623,0.004117924944329028,"[0.5362162162162162, 0.5086413966840471, 0.5066571986508077, 0.5073885802104268, 0.5057038692226273, 0.5064581111506102, 0.5247347967650456, 0.5052260716382854, 0.5425218725380437, 0.5036562518885599, 0.49268292682926834, 0.49656629688325415]",0.5113711323897662,0.014530819722171769,"[0.46872211000687747, 0.5113551928338025, 0.5149862895693197, 0.5148378456928528, 0.5080666485132928, 0.5144981529121315, 0.48837138230297206, 0.5115982991869654, 0.4650827361196719, 0.5101780528118578, 0.5337919607690333, 0.5298989310422508]",0.5059489668134189,0.020475550844235222,"[0.4140979689366786, 0.4603061587753649, 0.46457960644007157, 0.4648290674780741, 0.45852534562211983, 0.4645922746781116, 0.4414386239249414, 0.45717307014451886, 0.410381861575179, 0.4569439355075119, 0.4483729111697449, 0.4441326083143308]",0.44878111938055404,0.017970034779014845,"[0.35673116508851377, 0.32565168114847, 0.32703689711623224, 0.32703689711623224, 0.3259007306626354, 0.32745147466599445, 0.34007950849295265, 0.3267002518891688, 0.36082257895289055, 0.32209737827715357, 0.32099231834781516, 0.31889168765743076]",0.3316160474512908,0.013141801194493775
16,knn_model,HiTEA 2024,Outter Clusters,"[0.4989211579252461, 0.4838670239810956, 0.4866028474295427, 0.4864830421114854, 0.4835718490634162, 0.485648766606285, 0.49524145280326326, 0.4831379275752102, 0.49907342511485253, 0.4848867795472681, 0.4864376477081898, 0.48267592155383515]",0.48804565345164086,0.005808730601364797,"[0.4771392138567596, 0.45275794922723944, 0.4554808287280364, 0.4552582609295048, 0.4523218265829383, 0.45441430047756404, 0.46905205783875614, 0.4518646605842928, 0.4769477440857155, 0.4531249499120108, 0.45530175763585, 0.45139021611947694]",0.4587544804981787,0.009307090537412917,"[0.46513994910941475, 0.5040844539399271, 0.5070475949687124, 0.5068553737284387, 0.5043685963919794, 0.5067610261594844, 0.4898130393096836, 0.5036720858703158, 0.46316220924275026, 0.5067715722945957, 0.5069194312796208, 0.5031667398256726]",0.4973135060100496,0.015504843162346914,"[0.5325980610157431, 0.4636400706809841, 0.46615100280648913, 0.46610575278746835, 0.4627648702050828, 0.46453560159143914, 0.5006451612903225, 0.4625841092911031, 0.534517992003554, 0.46299677011655666, 0.4659503114092123, 0.4621546398750933]",0.478720361922754,0.026524051369514193,"[0.4782521229864285, 0.5136894581170939, 0.5173518121087906, 0.5169728316187886, 0.5140426196919902, 0.5176159066349503, 0.49703952261463424, 0.5126061394911104, 0.47123445866791436, 0.5155633750628406, 0.5179358717500901, 0.5116590250553777]",0.5069969286500008,0.015450317079036307,"[0.4600362391785786, 0.5030728709394205, 0.5090101522842639, 0.5086228759827542, 0.5033245514991845, 0.5081094779523568, 0.4873017765589603, 0.5020648229257915, 0.4525883648743366, 0.5061187685173257, 0.508751902587519, 0.5010615711252654]",0.4958386145354798,0.018618149421569943,"[0.4703581720872787, 0.5051001133358519, 0.5051001133358519, 0.5051001133358519, 0.5054169816074578, 0.5054197126291908, 0.492350319238646, 0.5052896725440806, 0.47424194732976604, 0.5074260622497739, 0.5051001133358519, 0.5052896725440806]",0.49884941613114026,0.012445266861028597
17,gaussianNB_model,HiTEA 2024,Outter Clusters,"[0.39668212180108164, 0.378248435459855, 0.3741910585619812, 0.37452302463710235, 0.3777314551472073, 0.3749573913237706, 0.37503055974829397, 0.3789097928312247, 0.39222500070880695, 0.37936027661012206, 0.37431563137490376, 0.37959313039443343]",0.3796473232165653,0.006966618135211489,"[0.35689603956015387, 0.3408809268504413, 0.3357307053182328, 0.3361198306059786, 0.3401759454946468, 0.3367774161599293, 0.33871830264451275, 0.3418353036557711, 0.3536539620415551, 0.34186970311308273, 0.3357080337767246, 0.3427767997785799]",0.34176191408330076,0.006543239723661712,"[0.37726604605585495, 0.3700620953890871, 0.3700620953890871, 0.3700620953890871, 0.37001784651992864, 0.370027139736546, 0.36521320163815946, 0.37010111691229924, 0.370162204802051, 0.368773031254265, 0.3700620953890871, 0.37010111691229924]",0.37015917378231267,0.0025326784027437828,"[0.4149866519377704, 0.3843770174306004, 0.3764059639026942, 0.3770577475829632, 0.3833861680791874, 0.37785186637902857, 0.38484883856659274, 0.38561206729839487, 0.4125086226718786, 0.3871737114085067, 0.37665054255458225, 0.38695568276837977]",0.38731790671504823,0.01245370478460042,"[0.3793802855360979, 0.42314531188731414, 0.4241557202181749, 0.42406525995071737, 0.4233373919975046, 0.42452141721394154, 0.399357721509691, 0.42321387984854614, 0.3718261014883341, 0.4254626830984089, 0.42407350369188673, 0.42306241950591555]",0.41380014132887766,0.018432179520287435,"[0.36001496166074437, 0.38918994025288317, 0.38918994025288317, 0.38918994025288317, 0.38923654568210264, 0.38965565314373346, 0.3651692159460436, 0.3893756083993881, 0.34914434523809523, 0.3909709159311243, 0.38918994025288317, 0.3893756083993881]",0.38164188461767945,0.013998828540126296,"[0.3962536023054755, 0.35272635688200477, 0.35272635688200477, 0.35272635688200477, 0.3526077097505669, 0.3522813208974036, 0.36525719792796046, 0.3526448362720403, 0.3938726261672437, 0.34896035128503167, 0.35272635688200477, 0.3526448362720403]",0.36045232570048186,0.015923723499085753
18,rf_model,AZ ELN 2023,Outter Clusters,"[0.4976294729353684, 0.5707829160048026, 0.5006893785941205, 0.514734746424476, 0.4970263450362052, 0.500393062359043, 0.49919255482838226, 0.5027656928723684, 0.5579760624635559, 0.49582488746214726, 0.5096250703038392, 0.5246663398331031]",0.5142755440931176,0.023953006963499134,"[0.5950029916659505, 0.5830293206607395, 0.6073704602176986, 0.6227489319102226, 0.5817171552478229, 0.6017236694966083, 0.6065172821887697, 0.6013034105647486, 0.5738528713264933, 0.5716504080996799, 0.5530259003734337, 0.5678690310689952]",0.5888176194017636,0.019347713474350766,"[0.034120461874544886, 0.4126537355442697, 0.005885237861696911, 0.16030658838878017, 0.045390603019788055, 0.0025580480125934673, 0.008403361344537815, 0.020663291662361815, 0.4942168414225489, 0.052056317154501666, 0.16126889221059623, 0.13588553018099117]",0.12778407572310088,0.156852379523695,"[0.6931694259938534, 0.7018481130610343, 0.703455540275624, 0.7107140850609585, 0.6917229473939247, 0.7048960819700762, 0.7064311481527553, 0.7100779935769995, 0.6184768427919113, 0.6876259080642207, 0.688732741617357, 0.7143975696075668]",0.6942956997971902,0.024418448327822445,"[0.5193389983685404, 0.48743544540627237, 0.5378558479339607, 0.5118902510097318, 0.4938205266016998, 0.5095505885952563, 0.5312408846581661, 0.5419130220158793, 0.5284997533203488, 0.5088582058297637, 0.501619975946379, 0.5162701450876814]",0.5156911370644733,0.016258091342483655,"[0.4039408866995074, 0.5767060030785018, 0.6122448979591837, 0.5276435856146001, 0.40672268907563025, 0.6842105263157895, 0.37383177570093457, 0.6329113924050633, 0.538008943280772, 0.3991477272727273, 0.5121308016877637, 0.7029411764705882]",0.5308700337967552,0.11037999259889553,"[0.0178125339415662, 0.32126524390243905, 0.0029568302779420462, 0.0945101432554562, 0.024036551450139054, 0.0012814194184327255, 0.004249442260703283, 0.010503098414032139, 0.4570171931227509, 0.027843836702338486, 0.09570273999605756, 0.07521242001468582]",0.09436595439637861,0.13867649417360578
19,gradient_boosting_model,AZ ELN 2023,Outter Clusters,"[0.526468444377232, 0.5347109202201462, 0.5282162978651227, 0.5394964474463162, 0.5242831165470536, 0.5279493407991259, 0.530045100344256, 0.5270790827490921, 0.5311012768031524, 0.5254106389946979, 0.49239172793309915, 0.4912496791126116]",0.5232001727659922,0.014596926759492332,"[0.44901631330997294, 0.4723687528001941, 0.4459287877061349, 0.46340151641283567, 0.4497836271157876, 0.45618463759717226, 0.4569112738307583, 0.4514041551395326, 0.44779641787625146, 0.45372835168439746, 0.45497943024649445, 0.4538011846071104]",0.45460870402722015,0.007003905736730236,"[0.6323819256880064, 0.6080214236781466, 0.6288656391300043, 0.6142821222026653, 0.6295009686685817, 0.6263260517531974, 0.6245179550681055, 0.621450885109337, 0.6372017353579176, 0.6312609104337317, 0.59725935828877, 0.5919502045669126]",0.6202515983287814,0.013804505218473404,"[0.192689964732286, 0.23356064296151974, 0.2009521779293683, 0.23519880344010968, 0.1929569266589057, 0.2070271407532085, 0.20863470285586458, 0.19595989383662638, 0.2086352210557445, 0.20232389251997096, 0.17295813315030886, 0.15959668707238028]",0.2008745155805245,0.020501955934875454,"[0.4222763300853688, 0.40682737844697753, 0.41441203764539025, 0.4034825790817131, 0.42098156232398914, 0.41813613487041035, 0.4153299642522836, 0.4112101992578772, 0.42271713057376514, 0.42418706727499966, 0.41491340430170776, 0.40938555387819775]",0.41532161183272337,0.006370922919533667,"[0.4762245066241548, 0.4516143954112314, 0.47273358805140675, 0.4563156665888396, 0.47423251132360345, 0.4711146465148653, 0.4681731381285805, 0.4640987091088185, 0.48205128205128206, 0.47735580828594637, 0.4518559724891271, 0.443978178766261]",0.46581236694534306,0.011633552956993547,"[0.9409145215596828, 0.9301638719512195, 0.9389907352651291, 0.9395250456686857, 0.9359356376638855, 0.9340561853129621, 0.9376394348241793, 0.9402373700241571, 0.939624150339864, 0.9316290130796671, 0.8806426177804061, 0.8878632120004196]",0.9281018162891881,0.019935862603142653
20,lr_model,AZ ELN 2023,Outter Clusters,"[0.4723746144769504, 0.48122939214869853, 0.47528556497069696, 0.48051234200361514, 0.4773255655815491, 0.47634554449991384, 0.47152838815726006, 0.4724322611824011, 0.4788201737808916, 0.47705575209315, 0.46010267207620714, 0.4564519841188921]",0.4732886879241855,0.007369224306935872,"[0.4269715210204642, 0.43953801971823625, 0.43202483360871474, 0.4386417766555934, 0.4342378898998574, 0.43321358625829387, 0.4258290213195076, 0.42697659606086447, 0.43630121142403955, 0.4350374899516898, 0.42499717774513107, 0.41741927892504815]",0.43093236688228664,0.006269657683527302,"[0.43385098208971373, 0.4334828101644245, 0.44315400489513845, 0.43413338219127884, 0.4458623544883347, 0.44286673702388946, 0.4294651235533313, 0.4287698718938108, 0.44776119402985076, 0.44937721126350993, 0.4111715274345032, 0.3947550034506557]",0.4328875168732034,0.015339610188052442,"[0.5109147852101155, 0.5273421261479158, 0.5069895899723815, 0.5253937764118325, 0.5085741436655004, 0.5093781683001014, 0.5134702587356629, 0.5159349522605398, 0.5098262853132128, 0.5044274809160305, 0.5089859851607584, 0.5178261788961726]",0.513255310915852,0.006852609266282163,"[0.418746981298765, 0.3958099313706232, 0.4143509682642017, 0.3976057562101582, 0.4196420458813782, 0.41359289403047733, 0.40757446639045347, 0.4057095133536267, 0.42523293377901783, 0.42293013690015474, 0.4080031815521785, 0.3975623082530714]",0.4105634264403422,0.009724068670854047,"[0.43228380418373946, 0.4131767550297902, 0.4318585726311851, 0.41457440293937536, 0.43744623912835706, 0.4313615549948603, 0.42163988125703755, 0.42022993142396126, 0.44281524926686217, 0.4398064699743857, 0.41243554145180483, 0.39961306964746346]",0.4247701226607352,0.01263705071071959,"[0.4354295644618225, 0.45588795731707316, 0.4550561797752809, 0.4556292664166907, 0.4546086611044895, 0.45500246426811236, 0.4375863167959205, 0.43766411091271923, 0.4528188724510196, 0.4593737613951645, 0.40991523753203235, 0.390013636840449]",0.4415821691058979,0.02063048753648293
21,mlp_model,AZ ELN 2023,Outter Clusters,"[0.4433492193781404, 0.4546505662147397, 0.4401749163213757, 0.4533236719733797, 0.4457755005704689, 0.4413346821102272, 0.43527166326378086, 0.43793361181099255, 0.44588366981415234, 0.4486071811788125, 0.5098129911768223, 0.5308191707148143]",0.45724473704397556,0.02905064152929167,"[0.40625594752402316, 0.4246001187260158, 0.4074859501445016, 0.42297397991679264, 0.412507671860905, 0.40907023575035034, 0.40004117402698114, 0.40290372587737827, 0.41274816630553934, 0.4157425510917765, 0.5111241645999322, 0.5320855223530612]",0.42979493401477137,0.04186082296508349,"[0.33316977428851813, 0.3411364339486439, 0.34512037833190023, 0.34109496275459705, 0.3452610685339362, 0.34451973754974724, 0.3323273360417876, 0.33210713875158066, 0.3461130643451085, 0.35036898336821237, 0.5313105773282765, 0.5604297224709043]",0.37524659814276773,0.07674125755530069,"[0.5387356809503606, 0.5615564095525666, 0.5270144387517466, 0.5587301587301587, 0.5351340771188099, 0.5298565036259837, 0.5294117647058824, 0.5347533632286996, 0.5333917406714189, 0.5355905511811023, 0.4642581888246628, 0.4580289093298292]",0.5255384822226018,0.030634260000829784,"[0.49246119798292387, 0.47958016788667396, 0.4931092371585191, 0.48047676559617863, 0.4971063558634873, 0.49252517983426125, 0.48274612434766295, 0.48184109406229336, 0.500127057276329, 0.5017829884062837, 0.615552145715623, 0.6359436467808541]",0.5127709967425907,0.05121288815121988,"[0.38269691418909396, 0.3717689368397393, 0.37946112030252893, 0.37221464301955437, 0.38802825628950305, 0.37909811812048766, 0.366253038249968, 0.36676399644534724, 0.3917877447883765, 0.3943714356558393, 0.464075382803298, 0.4720626256822752]",0.39404851769883437,0.034262125463830485,"[0.2949929401542305, 0.3151676829268293, 0.31647940074906367, 0.31477742524757235, 0.3109852999602702, 0.3157220305569246, 0.30415382980983746, 0.30343451318138853, 0.30997600959616156, 0.315200158541419, 0.6213286024048886, 0.6894996328542956]",0.3676431271652401,0.12959149596409317
22,knn_model,AZ ELN 2023,Outter Clusters,"[0.49921421067138533, 0.5000849396818271, 0.4976196370204319, 0.5007485208973809, 0.49984835978676356, 0.49871868636160843, 0.49699926611109313, 0.4969427169511491, 0.5001214873272305, 0.5003117718970582, 0.5066366530919832, 0.5052509908310875]",0.50020810338575,0.002858868943042179,"[0.4179725129113338, 0.4337177284548861, 0.4184103656384232, 0.4336198271912708, 0.4245513882815912, 0.42076242510671374, 0.41319475998206306, 0.41458989488132497, 0.4234809985310019, 0.4263324094127643, 0.4385817995361775, 0.4343446752906336]",0.4249632321015154,0.008087315338583397,"[0.5963739724975032, 0.572202690062252, 0.5920497753197373, 0.5744805958447667, 0.5959627874319817, 0.5912857340146389, 0.5870271867612293, 0.5849983622666229, 0.599488345650938, 0.5982990089266886, 0.5899087113438539, 0.5818942961800104]",0.588664288858352,0.008547371547460316,"[0.2407514450867052, 0.24362703165098373, 0.2357207615593835, 0.2448695652173913, 0.24267947621241034, 0.23890960524623892, 0.23445631333881128, 0.23454386789286433, 0.24277844954991268, 0.2432468220338983, 0.28580231698299235, 0.28878433367243134]",0.2480141657036686,0.01791162991187117,"[0.4497936120587687, 0.4341416438412655, 0.4466855791937784, 0.4350804865554187, 0.4511994891650686, 0.4468904882563065, 0.4397853718596933, 0.43839616854021657, 0.4541360586917509, 0.45392123092936604, 0.43572070862253176, 0.4264046211663688]",0.44267962157337776,0.008589094379973815,"[0.46134189100849826, 0.4325352318720437, 0.4559199318568995, 0.4350601157785364, 0.46087853613509255, 0.4550188639141293, 0.4499688544085169, 0.44759411895745155, 0.46504961411245865, 0.4635660603420107, 0.4601457275336719, 0.45200627141280997]",0.45325710144434334,0.010130023036763327,"[0.8431628109047464, 0.8450838414634146, 0.8440764833431894, 0.845399480819152, 0.843067143424712, 0.8440611138491868, 0.8441517050887071, 0.8441340195357631, 0.8432626949220312, 0.8434403487911217, 0.8216045732308299, 0.8165320465750551]",0.8398313551623259,0.009368049256721397
23,gaussianNB_model,AZ ELN 2023,Outter Clusters,"[0.3911721459552383, 0.4140830449022743, 0.4010876420211752, 0.41027543829467195, 0.4069069940475437, 0.4024099704035582, 0.390040860200556, 0.39375984057762325, 0.40447174010249953, 0.40754278995524057, 0.400749601320351, 0.3925787693198578]",0.4012565697583825,0.007573244755154291,"[0.34245339990612517, 0.3643131817033769, 0.350521837157566, 0.3600839129900595, 0.3570935341200267, 0.35185716390853344, 0.33912515886009875, 0.3436029900464731, 0.35466380296982064, 0.3591671730882758, 0.35109063593511747, 0.3418107827193768]",0.35131529778373755,0.007799615037427057,"[0.34368710221400206, 0.36639032041227876, 0.3680595306239267, 0.3635786514306444, 0.37084349098000974, 0.3678237650200267, 0.3435193846793473, 0.3450895836541917, 0.3699792756340669, 0.3771959541208924, 0.3739478015518458, 0.34894221500684897]",0.3615880896106734,0.012039073939391043,"[0.43860220557442653, 0.4608168401784693, 0.43403964456596034, 0.45619745050176297, 0.4431210081132401, 0.43693196296610887, 0.43692609432111973, 0.4428041056999345, 0.43911439114391143, 0.43791220790565627, 0.4267814854682454, 0.43643230424662954]",0.44080664172378875,0.008918314767730647,"[0.3689621033636231, 0.3590889978836074, 0.3681975622176182, 0.35945549362205503, 0.3744161475229507, 0.36743848593363965, 0.35794636420112824, 0.35880427807992843, 0.3762547792281375, 0.37685206446167935, 0.36709519965141996, 0.35676129161171194]",0.3659393973147917,0.007089740341361692,"[0.3442676547515257, 0.34588374650985704, 0.35662784248474766, 0.3440611053896327, 0.3642022601034285, 0.35623903204950585, 0.3362498728253128, 0.337517573810002, 0.36532839602416683, 0.3686500804086652, 0.35758611385916, 0.3378856356848104]",0.35120827615840117,0.01112085787599377,"[0.34310850439882695, 0.38948170731707316, 0.38024837374334713, 0.3854437073358331, 0.37773142630115214, 0.38018728437654015, 0.35111016679060875, 0.3530091376956202, 0.374750099960016, 0.3861474435196195, 0.39187857283658584, 0.36074687926151267]",0.3728202752947279,0.01583099747914802
24,rf_model,Roche 2023,Outter Clusters,"[0.5, 0.5, 0.5, 0.5, 0.5, 0.5, 0.5, 0.5, 0.5, 0.5, 0.5, 0.5]",0.5,0.0,"[0.4010246261537629, 0.4150491256437022, 0.39456160387591416, 0.37863279268119615, 0.39242778405697537, 0.40456551282797715, 0.41183675957242233, 0.4075517592952457, 0.3937646287995451, 0.4012847329128659, 0.4007073852947818, 0.4017764388707865]",0.4002652624987646,0.009275066042279595,"[0.0, 0.0, 0.0, 0.0, 0.0, 0.0, 0.0, 0.0, 0.0, 0.0, 0.0, 0.0]",0.0,0.0,"[0.7166242056868429, 0.7011001064619157, 0.7188603720273133, 0.7180991319290138, 0.7010010622203624, 0.6999224104487263, 0.7072200820181435, 0.7099350669146115, 0.7130371449380918, 0.714573862781106, 0.6991394706932943, 0.7228287173971497]",0.7101951361263809,0.00800872341446731,"[0.3734505973574588, 0.3936339681908918, 0.3637644678282171, 0.3587856279040132, 0.3833330022299257, 0.38708778068267846, 0.3824927945736768, 0.3769371262572442, 0.36950362864882746, 0.3742764326190604, 0.3897834329719979, 0.36782795878953045]",0.3767397348377936,0.01032237798455158,"[0.0, 0.0, 0.0, 0.0, 0.0, 0.0, 0.0, 0.0, 0.0, 0.0, 0.0, 0.0]",0.0,0.0,"[0.0, 0.0, 0.0, 0.0, 0.0, 0.0, 0.0, 0.0, 0.0, 0.0, 0.0, 0.0]",0.0,0.0
25,gradient_boosting_model,Roche 2023,Outter Clusters,"[0.5275475329440369, 0.5444631848960436, 0.5406646351365958, 0.5338606073064982, 0.5301248406282122, 0.5363503127312392, 0.5358067398737291, 0.5344565605699872, 0.5386962399043189, 0.5338448925239477, 0.5467546006287991, 0.548722474776367]",0.5376077184933146,0.006224181226646905,"[0.5213444055006795, 0.5519776060212077, 0.5506742645356382, 0.5456776960061107, 0.5344616870573149, 0.5400668457114592, 0.5403202825761583, 0.5441102686766434, 0.5433845851718577, 0.537569742397537, 0.5441599053918666, 0.5566300739110264]",0.542531446913125,0.008754388108389353,"[0.45001362026695724, 0.47615169846440203, 0.4621597698605886, 0.45092213689108135, 0.460862019091698, 0.46059462010382257, 0.46753976729807206, 0.46137506987143656, 0.4609644411781333, 0.4608560656464848, 0.4788551401869159, 0.4757934913619927]",0.46384065335179864,0.008837039304341706,"[0.6036669153154568, 0.6096228868660598, 0.618026088323118, 0.6148098627551221, 0.5960729920679642, 0.6069125612587052, 0.6023256790227111, 0.6055346323890617, 0.6142643310813545, 0.6057091882247992, 0.6110723626852658, 0.6216196621474661]",0.6091364301780904,0.006915831168885612,"[0.44998039210140106, 0.49787617964803504, 0.47026205457554804, 0.468147675446703, 0.48079000152851015, 0.4892433135034101, 0.47812555499977455, 0.4763640297307924, 0.47195208961273816, 0.46540557189880294, 0.4913225917253291, 0.4639825005154732]",0.47528766294054314,0.012763524611074623,"[0.4759161097026965, 0.5163365712123124, 0.4900281557954012, 0.4831811629024507, 0.4981240620310155, 0.5089960886571057, 0.4970718298075774, 0.4927761194029851, 0.4952022349082959, 0.4857977790765634, 0.5218332272437938, 0.4932319866722199]",0.4965412772843681,0.012839067873622366,"[0.4267851606902966, 0.4417701025364274, 0.43729061976549416, 0.42270099842354175, 0.4287867370007536, 0.42059900883430296, 0.4413200339558574, 0.43373620599054125, 0.4311548223350254, 0.4383503849804873, 0.44241770102536426, 0.459545983701979]",0.4353714799366726,0.010162207548689113
26,lr_model,Roche 2023,Outter Clusters,"[0.46886198905929927, 0.45210731246130437, 0.4663387325040971, 0.46579178445731084, 0.4488168619896794, 0.4503267691869784, 0.45360769237997983, 0.45683317378606125, 0.4616893425212024, 0.4628359569795046, 0.4504936321737838, 0.4803324043101663]",0.4598363043174474,0.009121543582056557,"[0.48886257652073717, 0.4615867494014561, 0.4830324812661956, 0.48235517143728446, 0.4587429829625465, 0.4579933348361551, 0.4625818849065886, 0.46782820721156076, 0.4798073506553587, 0.4827424392716037, 0.45783127196855555, 0.5021466176053282]",0.4737925890036143,0.013985507495428732,"[0.35852492601866603, 0.3501472975410329, 0.35274446494464945, 0.3512948554174893, 0.3514589647590182, 0.3501348516631705, 0.3510227936879018, 0.3504293339521931, 0.3540441390554941, 0.3534537849299948, 0.3501383708338347, 0.3720537832849987]",0.35378729717403695,0.005970976695525651,"[0.5706559000533252, 0.5425536417114563, 0.5712648945921174, 0.5710665745219995, 0.536189383314208, 0.5391644353776192, 0.5468125051016244, 0.5536241129096563, 0.5604121260154548, 0.5633117520109868, 0.5391244986773616, 0.5826236287807101]",0.5564002877555432,0.014961551468889743,"[0.4419983352416037, 0.4406103537965621, 0.4334984530769723, 0.4341062015146005, 0.4395119965754953, 0.4402070583046104, 0.43514208808883753, 0.4359652366134459, 0.4364580007727692, 0.4392556023066539, 0.4410634924059556, 0.4510114746081895]",0.4390690244421413,0.004533352166659685,"[0.3989867004433186, 0.3952225841476656, 0.392582135523614, 0.39250032438043336, 0.3922791191297426, 0.39456976901256247, 0.3907103825136612, 0.3911410439062298, 0.3939354671504471, 0.3934299017071909, 0.39554166100312627, 0.4075314774171191]",0.3948692138612592,0.004374575448430207,"[0.32551410561124317, 0.31430113329735565, 0.32024706867671693, 0.3179190751445087, 0.31833351275702443, 0.31469510881275586, 0.31865449915110355, 0.3173935890698896, 0.32148900169204736, 0.32085223077734415, 0.3140852671343767, 0.34225844004656575]",0.32047858601424434,0.007288196169839767
27,mlp_model,Roche 2023,Outter Clusters,"[0.4491514332353116, 0.4487646648586435, 0.4435682376562362, 0.4462947941756596, 0.45109198042735843, 0.44757427646844844, 0.45100272628362953, 0.45342092156646474, 0.44538135014664987, 0.44898528186524006, 0.453610105905263, 0.4619713927035694]",0.4500680971077062,0.0046168170534493244,"[0.4140865939104065, 0.41138770494595944, 0.40722873943634535, 0.40884019859635945, 0.4138510568101542, 0.40970874617390035, 0.41481705673987374, 0.41696940031947965, 0.40882397018148176, 0.41259036974841956, 0.4209576617072427, 0.43292230936584053]",0.4143486506612885,0.006714471749151726,"[0.263617677286742, 0.2682960131075915, 0.263070220399795, 0.26399223552248463, 0.2673063742289239, 0.26859982302089713, 0.2661484856606808, 0.264891846921797, 0.2638515507179857, 0.2674684619909798, 0.3136269963936116, 0.316509645580978]",0.27394827756937223,0.018487616373979988,"[0.5943095760492604, 0.5815569610369329, 0.5880372492836676, 0.5910185884298709, 0.5851121633159978, 0.5790071700035262, 0.5896282973621103, 0.5953174806727, 0.5865890930515153, 0.5909704733749407, 0.5655470406000326, 0.5891593069507179]",0.5863544500109393,0.007744051287310469,"[0.41551857345085386, 0.4301082028679624, 0.4071754946322812, 0.4096720690530325, 0.4307794146982417, 0.4307334528307386, 0.4239987209665278, 0.4225816754280851, 0.4151098225562533, 0.4182379786212611, 0.48009566514671687, 0.4648880901983238]",0.4290749300375232,0.021040925511599386,"[0.34832795790188426, 0.3650380828534275, 0.339002642007926, 0.3434343434343434, 0.3678551216751556, 0.36476243298206695, 0.3610909090909091, 0.36116152450090744, 0.34719585849870577, 0.3516672396012375, 0.38879131406674117, 0.37506645401382244]",0.3594494900522606,0.013691645248063319,"[0.21204918879818124, 0.21208850512682137, 0.214928810720268, 0.21439831844456123, 0.20992571859188286, 0.2125619478560655, 0.21073853989813243, 0.209143457698371, 0.21277495769881558, 0.21580002109482121, 0.26281705342687534, 0.27376794722545594]",0.2217495388816876,0.021017374762484806
28,knn_model,Roche 2023,Outter Clusters,"[0.4650498279791972, 0.4678441961235276, 0.4601918486690467, 0.4618990292317943, 0.4701690457879011, 0.46669891264375707, 0.4662043734947415, 0.46751666581522633, 0.4647729217112665, 0.46521326139053687, 0.4667976936510232, 0.46914928324559163]",0.46595892164530084,0.0027038038704015584,"[0.46029276270817765, 0.4635526691286853, 0.45202903283614276, 0.4532165198183351, 0.465662240353907, 0.4602014676895807, 0.4604259372541579, 0.46236282710425036, 0.45836055922972374, 0.46076344145193515, 0.46017498393912637, 0.46543332771225093]",0.46020631410218943,0.004004544403552231,"[0.23569539189753586, 0.2235562310030395, 0.22551719268516557, 0.2268041237113402, 0.22330615044585017, 0.22340103061533798, 0.22536664455744712, 0.2292346753717809, 0.22377622377622378, 0.2285631935437383, 0.22355623100303953, 0.2516100235924249]",0.22836559268357695,0.007809909262063438,"[0.6272912423625254, 0.6229798538853221, 0.6264600715137068, 0.6276067527308838, 0.6258123737837341, 0.6206973129025094, 0.6251827550547374, 0.6276241544877861, 0.6284518828451883, 0.6285218598195698, 0.6201486988847584, 0.631085965739431]",0.6259885770008461,0.0031293780471186006,"[0.40565739931420974, 0.4244317633338791, 0.3974358090058698, 0.3995146662790494, 0.42699189013992417, 0.4240421330632212, 0.4157763650244399, 0.41414103202617075, 0.4085822268899418, 0.40820355716628326, 0.42487705761553196, 0.40333668490062113]",0.41274921539659526,0.010048304741518958,"[0.36105779483898487, 0.37766367137355583, 0.3463456950769898, 0.3505494505494505, 0.38230688935281837, 0.3765968318855391, 0.3688781664656212, 0.3700234192037471, 0.3595505617977528, 0.36070047759836255, 0.37766367137355583, 0.3670697674418605]",0.3665338664131865,0.010768792472143926,"[0.17495091453963005, 0.15876956287101998, 0.16719011725293131, 0.1676300578034682, 0.1577134244805684, 0.1588019823313941, 0.1622453310696095, 0.16605359957961113, 0.16243654822335024, 0.16728193228562388, 0.15876956287101998, 0.19140473418703918]",0.1661039806246055,0.009050517015963825
29,gaussianNB_model,Roche 2023,Outter Clusters,"[0.49795406588682367, 0.5029577945494886, 0.49875345720852327, 0.4987199412447685, 0.5029020121926184, 0.5027854403441959, 0.5027561911563816, 0.5027828558317852, 0.4997270839058468, 0.4994352984968749, 0.5027561787678634, 0.4991947048826361]",0.5008937520389839,0.0019727502674093665,"[0.4309107935921639, 0.4499325244411414, 0.4278085430016115, 0.42796665593783, 0.45222013015966983, 0.4486422751726379, 0.44883687782275594, 0.4479655601733905, 0.4336015973053987, 0.4343070598294846, 0.44814527301479956, 0.43729481569619844]",0.44063600884559023,0.009048118129293528,"[0.08877381172554097, 0.08895434462444772, 0.08924721102465548, 0.08566565809379728, 0.08891500195848022, 0.08879741252572773, 0.08796296296296297, 0.08698145670043969, 0.09126268854947349, 0.09060815284214509, 0.0889543446244477, 0.09037294015611448]",0.08887466548235273,0.0014672787519932583,"[0.7015024839452321, 0.6914918376167836, 0.7043607924287149, 0.7042089807904074, 0.6913481953290871, 0.6902135883509379, 0.6973498911791064, 0.7001506780512305, 0.699406909969561, 0.7007003891050584, 0.6894058577405858, 0.7084074733096085]",0.6982122564846928,0.006017080608154475,"[0.4036126225751561, 0.4362398556168479, 0.39979765784156684, 0.40009254231509167, 0.43771114125351906, 0.43668303876655834, 0.42862672245874006, 0.42484723700977683, 0.41009660778643936, 0.4091684778993585, 0.4372300230914765, 0.40075535029262815]",0.41873843974226327,0.015519277739096504,"[0.42216358839050133, 0.4923913043478261, 0.42690582959641254, 0.42695570216776624, 0.49187432286023836, 0.49185667752442996, 0.4830508474576271, 0.4804646251319958, 0.4433179723502304, 0.43864468864468864, 0.4923913043478261, 0.42635024549918166]",0.4596972590265603,0.029669913640913127,"[0.049602149426475145, 0.048893685914732865, 0.04983249581239531, 0.04760903836048345, 0.048875013456776834, 0.04880413703943116, 0.04838709677419355, 0.047819232790331054, 0.05086717428087986, 0.05052209682522941, 0.048893685914732865, 0.05054326736515328]",0.04922075616340122,0.0010180394418196788
30,rf_model,JNJ HTE 2024,Outter Clusters,"[0.5997577079781682, 0.5618900228033613, 0.597904360757686, 0.554887282497577, 0.5818381855454413, 0.5903434968091636, 0.5779380089978716, 0.5915444148289135, 0.6232629317374881, 0.6026668067840018, 0.5432903881545309, 0.5636463502153389]",0.5824141630924619,0.022075646159423576,"[0.6178345867084262, 0.6211814916073581, 0.619769021724895, 0.6115139208981732, 0.6011212086014033, 0.5838181783501283, 0.6031701794898623, 0.6140788392694505, 0.6415731393397623, 0.6203737657427277, 0.6120025150701802, 0.6026585770085062]",0.612424618650906,0.013551063117483844,"[0.6476080469727596, 0.6250249850089946, 0.6277263538674327, 0.6196704942586121, 0.586982863077722, 0.5225812290705041, 0.5532291359480979, 0.618517461223713, 0.6476417910447761, 0.6216081900407514, 0.6303272450532723, 0.6475340851708467]",0.6123709900614569,0.03744035871642536,"[0.5489712948133547, 0.49310997027830317, 0.5681846229791435, 0.48380539368478115, 0.5727842435094002, 0.6425909614472525, 0.6007379101330874, 0.5646650016288414, 0.5988854152507815, 0.5837979665464087, 0.43517441860465117, 0.46072624259593103]",0.5461194534559948,0.06078489834288478,"[0.6072747761449493, 0.6570233541546671, 0.644134294432635, 0.6311961466494944, 0.626107012790208, 0.5720370831674955, 0.6002139717097059, 0.6277110287581076, 0.6424772437276688, 0.6089046883349093, 0.6204270563805716, 0.6140201712037346]",0.6209605689545122,0.02176074957046561,"[0.6077687443541102, 0.5803637713437269, 0.6162523501148945, 0.5743105682028503, 0.6209485442226699, 0.6226008194953634, 0.5834240398071839, 0.615530303030303, 0.6324626865671642, 0.6182285488335311, 0.5591561181434599, 0.5748655110579797]",0.6004926670977698,0.023307313857863932,"[0.6930366707869798, 0.677132957990472, 0.6396357328707719, 0.6728100607111882, 0.5565402921385196, 0.4502495321272614, 0.5260058881256133, 0.6215337540638746, 0.6635674088573525, 0.6250249850089946, 0.7222585567909309, 0.7412331406551059]",0.6324190816772554,0.08097296326656028
31,gradient_boosting_model,JNJ HTE 2024,Outter Clusters,"[0.6036553565522673, 0.6051155568868292, 0.6005904531326516, 0.6019425669399502, 0.5865679830657952, 0.593580073022356, 0.5860790598956929, 0.5929797974165509, 0.6296097715388889, 0.5999389933525214, 0.6063913311042354, 0.5920435201655186]",0.5998745385894382,0.011139536212197357,"[0.621543945682677, 0.6176152998534963, 0.6155743171955802, 0.6139937218750299, 0.5959901684577353, 0.6077926924024539, 0.603120478407204, 0.6104730141382149, 0.6381877221504, 0.6195530888378513, 0.6194398891382702, 0.613728053434321]",0.6147510326311029,0.010020515579596252,"[0.7008590197069227, 0.6960183066361556, 0.6913130577308323, 0.6948905109489051, 0.6417551748197534, 0.6045670359484513, 0.604857977170162, 0.6890742820471683, 0.7191278493557978, 0.6922002136927755, 0.6959948675648429, 0.6899751980158412]",0.6767194578031339,0.03631906413812643,"[0.4644149577804584, 0.48773715872281354, 0.48006134969325154, 0.48026111283804784, 0.5296692111959288, 0.5815455777972726, 0.5645751060406611, 0.46552675124103693, 0.4976958525345622, 0.46811532452776594, 0.488196266008332, 0.45796614911176386]",0.4971470681243246,0.0386464554633286,"[0.6134657051288637, 0.6170689990062024, 0.6128896759944911, 0.6117451745127476, 0.6127083442086279, 0.5881706060397287, 0.5850507885174548, 0.612746305569412, 0.6189991982589446, 0.6102077514286736, 0.6166103872162365, 0.6160222056142459]",0.6096404284579692,0.010593559547244457,"[0.5927350427350427, 0.6028222609798637, 0.5959183673469388, 0.5998739760554506, 0.6081398765794886, 0.5849496864518011, 0.5742911153119092, 0.5934779604808622, 0.6043644844244545, 0.5878001116694584, 0.6004111321948135, 0.589957586537146]",0.5945618000639358,0.009072350500038595,"[0.8572311495673671, 0.823300129926375, 0.8230702515177797, 0.8256721595836947, 0.679304119481372, 0.6255458515283843, 0.6388616290480864, 0.8213807611397973, 0.8876926841203817, 0.8416949830101939, 0.8277741443209069, 0.8308285163776493]",0.7901963649684989,0.08486803368786847
32,lr_model,JNJ HTE 2024,Outter Clusters,"[0.5432427051771234, 0.5380815286413567, 0.5392781879136268, 0.5382162810867505, 0.5614352714802013, 0.5528449718238562, 0.5542841577857134, 0.5388241642906089, 0.5495497085000861, 0.547830267281926, 0.5364677482996456, 0.5381317862527369]",0.5448488982111359,0.007821538261946235,"[0.5545528195764611, 0.5495198829327111, 0.5503810610345147, 0.5496240980635902, 0.587463307161842, 0.5801008890831232, 0.5799398721492914, 0.5493947196788801, 0.5612045253109255, 0.5611401687568203, 0.5496549683857419, 0.5477453445796878]",0.5600601380594658,0.013747548678154206,"[0.616589861751152, 0.6017289907519099, 0.6005620232838218, 0.6018108651911469, 0.5594307300360186, 0.521139629537337, 0.5332166557281411, 0.6126485642404789, 0.6134833940196402, 0.611020482146094, 0.5970844300465681, 0.6111740608384904]",0.5899908072975665,0.031624145352610086,"[0.4566353187042842, 0.4689008042895442, 0.4720084903157336, 0.46900992755567483, 0.5577991358786704, 0.5813058319413175, 0.5740900924878568, 0.45488951287999024, 0.4747338431548958, 0.4749204795693663, 0.47032206547777483, 0.45431192660550457]",0.49241061907171774,0.0461984825432097,"[0.5438275777614736, 0.5430353103689232, 0.539832740054722, 0.5427865326653929, 0.5812388524186065, 0.5380166711269172, 0.5389534572540503, 0.5453851263860516, 0.5404051615774141, 0.5448779348785101, 0.540840012432484, 0.5425311472142824]",0.5451442103449023,0.011104967025669078,"[0.5578719146097398, 0.5615384615384615, 0.5590433482810164, 0.5613738738738738, 0.601890359168242, 0.5574906699840056, 0.5556231003039513, 0.5606541759288663, 0.5586816720257235, 0.5589454485160007, 0.5573615573615573, 0.558013687728792]",0.5623740224433526,0.012029503804783969,"[0.6891223733003708, 0.648116067561715, 0.6487424111014745, 0.6485255854293148, 0.5225668800262596, 0.4892389270118528, 0.5125473152951072, 0.6752725186460127, 0.6802055297284072, 0.6737957225664601, 0.6429038587311968, 0.6755298651252408]",0.6255472545436177,0.06961718337731312
33,mlp_model,JNJ HTE 2024,Outter Clusters,"[0.588799983852194, 0.5846230577024463, 0.5897488028226417, 0.5859767134005165, 0.556988818564356, 0.5637276494434919, 0.5643478522604908, 0.5796515900070507, 0.6014329572859375, 0.5899542865022129, 0.6009006109566206, 0.5957495615468478]",0.5834918236954005,0.014041656278065688,"[0.6088192122924143, 0.6078169507176476, 0.6122366476980438, 0.6074659156412785, 0.5730861032125668, 0.5890145181804449, 0.5850126365874269, 0.598095746144095, 0.6256410178382033, 0.608477187106558, 0.6242443820115924, 0.6168875356230192]",0.6047331544211075,0.015141320311768815,"[0.642762031576945, 0.6391167831459537, 0.6398537477148081, 0.6386486211458228, 0.5923873176297987, 0.5640390274121109, 0.5635413035901011, 0.6321187584345479, 0.6568421052631579, 0.6363382119884404, 0.653920080930703, 0.648910411622276]",0.6257065333712221,0.03172003919658719,"[0.53003003003003, 0.5271400132714001, 0.536833855799373, 0.5307255186996167, 0.521664275466284, 0.5633628044051496, 0.5651177328610127, 0.5247006858072766, 0.5382436260623229, 0.5400306567621743, 0.5442919941388038, 0.5392491467576792]",0.5384491950050937,0.013231968249234439,"[0.6560632975845844, 0.6508815556195839, 0.6492010612466333, 0.6465817993760908, 0.6391438114937631, 0.6089310463763731, 0.6099280293115152, 0.650910588600677, 0.6585477948774625, 0.6491453413174896, 0.708611986082696, 0.7076610849610636]",0.6529672830706611,0.02913942711051234,"[0.5969964664310954, 0.6003805899143673, 0.6018341612533435, 0.601725790987536, 0.5884067357512953, 0.5601353429713934, 0.5604547975596228, 0.5968399592252803, 0.6002430133657352, 0.5962613556953179, 0.6100415251038127, 0.60694514343231]",0.5933554068075925,0.015668993932931873,"[0.696126905644829, 0.6831961888263317, 0.6830008673026886, 0.6803989592367736, 0.596422123748564, 0.5679975046787273, 0.5666619935511005, 0.6718301778542742, 0.725226327379496, 0.6821906855886468, 0.7045999563985176, 0.6971098265895954]",0.6628967930666286,0.0517682453358068
34,knn_model,JNJ HTE 2024,Outter Clusters,"[0.5036006375948087, 0.49896010143118275, 0.49591850162616635, 0.4991290879733673, 0.5279405845069169, 0.5073867006141057, 0.5091348110682878, 0.4997919271449678, 0.5057801108504476, 0.5046933152866376, 0.5009585110512886, 0.5009929539809217]",0.5045239369274249,0.00796837655966971,"[0.5179931424276765, 0.5155606389859256, 0.5114388507600267, 0.5156892614763678, 0.5488422212086418, 0.5241131750426361, 0.5238357947507212, 0.5135161648341798, 0.5249028263477877, 0.5191616175697754, 0.5180219549221792, 0.5150297748982764]",0.5206754519353496,0.009438564892891252,"[0.42478094532889055, 0.39913700107874867, 0.3971022269922189, 0.39946018893387314, 0.39336027083105823, 0.3565482233502538, 0.36879432624113473, 0.4108690559850082, 0.419811320754717, 0.41927710843373495, 0.40065014221861034, 0.4125191198964584]",0.40019249417039227,0.01951154272168258,"[0.5519561664904354, 0.5540432345876701, 0.5527468152866242, 0.5542868589743589, 0.590550600722341, 0.6028324351422484, 0.6005794466852241, 0.5500894454382826, 0.5601251676352258, 0.5581224789145581, 0.5578978918972923, 0.5521571441384877]",0.5654489738260624,0.01917349837688433,"[0.5258848551132923, 0.5237879797178835, 0.5173682797351417, 0.5236357403974417, 0.5718509251332398, 0.5019983871253709, 0.5067300338822249, 0.5287626387866563, 0.5181428383938231, 0.5240099509469809, 0.5225505083148929, 0.5278110414356775]",0.5243777649152188,0.016308600801771655,"[0.5297014465989536, 0.5289492494639028, 0.5207600281491908, 0.5289492494639028, 0.5877937336814621, 0.5107620709714951, 0.5127309036445332, 0.5300695074040496, 0.5279940674823879, 0.5277525022747953, 0.528969957081545, 0.5297673012994862]",0.5303500014596421,0.018495122306990602,"[0.3545529460238978, 0.32048505846686876, 0.32090199479618386, 0.32090199479618386, 0.29558509765304447, 0.27386150966936995, 0.28795738118603675, 0.3354369860393957, 0.34842182529973087, 0.3477913252048771, 0.3224329627207325, 0.3377649325626204]",0.32217450120157853,0.02420498370819602
35,gaussianNB_model,JNJ HTE 2024,Outter Clusters,"[0.6204162218760997, 0.6150085313867908, 0.6185742017368265, 0.6154229666422859, 0.6208749671419623, 0.6059175379343029, 0.5995721387584498, 0.6045463970455514, 0.6443594217927321, 0.6200167967031127, 0.6188964622898907, 0.6074065111436538]",0.6159176795376381,0.011016934631472955,"[0.6433595238757582, 0.6283002284999831, 0.631002781277745, 0.6289340457175735, 0.6344582361764884, 0.604089276441392, 0.5996348849226245, 0.6163606188613344, 0.680350174133346, 0.6407478703388703, 0.6337177033744141, 0.6208792887953078]",0.6301528860345699,0.01985406608327918,"[0.6785215529280327, 0.6725734196117471, 0.6729083665338645, 0.6729753959557725, 0.6152348933911351, 0.5713562325934678, 0.5626427157862688, 0.6573850959393128, 0.7090137857900318, 0.6696600384862091, 0.6745904914103077, 0.6596811749955223]",0.651378596951806,0.04281719373939041,"[0.5553122987765615, 0.5533070759201413, 0.5599035111230233, 0.5536369816451394, 0.6192102267752386, 0.6361487212551042, 0.6317610869007947, 0.5490426406672149, 0.5645826721675659, 0.5654008438818565, 0.5585365853658536, 0.5519924546097619]",0.5749029249240213,0.03179718202580763,"[0.6356580776510283, 0.6350948153508238, 0.6344293898247322, 0.6352061836092112, 0.6464935963795846, 0.6027289330979859, 0.5977066979071196, 0.6282720767453498, 0.6493325229872023, 0.6321753156317864, 0.6355707875089551, 0.6288914137878102]",0.6301299842067992,0.014653856283641025,"[0.6189909971122813, 0.6224433388612494, 0.6223286661753868, 0.6224433388612494, 0.6673704414587333, 0.6225859849181534, 0.6154870940882597, 0.6162985274431058, 0.6256784577952461, 0.6182741116751269, 0.6224884792626728, 0.6162985274431058]",0.6242239970912141,0.013366952494457287,"[0.7507210548001648, 0.7314854915547856, 0.7324371205550737, 0.7324371205550737, 0.5706548498276711, 0.5279164067373674, 0.5181550539744848, 0.7043411742206923, 0.8179593834108148, 0.7303617829302419, 0.7362110311750599, 0.7096339113680155]",0.688526198425787,0.09117665264191482
36,rf_model,Merck 2025,Outter Clusters,"[0.5048952312873543, 0.500125114215096, 0.5, 0.5017636376863829, 0.5128813714622181, 0.500210584492558, 0.5004706297602373, 0.5029350450327237, 0.5000147663102397, 0.500125451330203, 0.5047577898814588, 0.5001723213976145]",0.5023626619046738,0.0036239432838486687,"[0.43740074786300764, 0.43785089484550943, 0.41369875529803246, 0.4209539054966191, 0.38515553322458257, 0.469544761473765, 0.4200399216811291, 0.4290138367396114, 0.44865003202326, 0.43891097335917323, 0.42602364302187856, 0.4496767428901298]",0.43140997899305816,0.02030048919569656,"[0.6097568324946515, 0.608284165443709, 0.6083338322457044, 0.6079151858321787, 0.6122162985529322, 0.6078343358170991, 0.6077457201005627, 0.6080453531150112, 0.6079242342504346, 0.6084402349838149, 0.6089366958932175, 0.6069267181976152]",0.6085299672439111,0.001291500356959264,"[0.02719146698715541, 0.0016792611251049538, 0.0, 0.020319084888621313, 0.07107932569510327, 0.0031946451661976115, 0.005010628606134224, 0.026950142236861804, 0.0032002438281011885, 0.00168118600030567, 0.02420870611232238, 0.0016740222188403593]",0.015515726072062348,0.019752705621856395,"[0.3705571993266646, 0.37901701676712285, 0.3645718219015663, 0.36792516607435527, 0.35331505509908734, 0.3988063020264108, 0.3698343978991279, 0.3721969459981593, 0.3839546161828487, 0.3821648979441098, 0.37257268509442515, 0.388572231465821]",0.3752906946483083,0.011499263313324874,"[0.4393781483411499, 0.43718787670053383, 0.43712626371262636, 0.43800182283755046, 0.44340496888928116, 0.43683599294593317, 0.436819687647894, 0.43834782608695655, 0.4370044812133747, 0.43734918993450533, 0.43828070784177653, 0.43576837033212873]",0.4379587780403093,0.001867667108564821,"[0.9959641697017423, 0.9994095069382934, 1.0, 0.993209329790375, 0.9885871704053523, 0.9988198269079465, 0.9984265906185466, 0.9921275339500099, 0.998424886788738, 0.999409216226861, 0.9972367512089213, 0.9995066114071443]",0.9967601328286609,0.00345922376464379
37,gradient_boosting_model,Merck 2025,Outter Clusters,"[0.5745147156769883, 0.5848703648694118, 0.5845217209289353, 0.5849583175262258, 0.584853111265325, 0.5850038403171991, 0.5850165915452761, 0.585117680835693, 0.5852767768456071, 0.5738224986409125, 0.5827084394695154, 0.5827138874507473]",0.582781495447653,0.003943916717857749,"[0.5784898014774166, 0.5802365317952953, 0.5796026378245136, 0.5835442903343604, 0.5801417103021891, 0.5775027426980277, 0.5805009715147993, 0.5781567834551031, 0.5780675602849472, 0.578302729467141, 0.5807920196770384, 0.5804154168065341]",0.5796460996364471,0.0016039873303397851,"[0.5399869658318592, 0.5566434846266471, 0.5567434210526315, 0.554526606772633, 0.5564398097328943, 0.5578516158397815, 0.556302290495131, 0.5577089698572666, 0.5573635615686992, 0.5392860471618977, 0.5505529591411781, 0.5504001480316418]",0.5528171566760218,0.006369634904802371,"[0.6050043968342793, 0.606641227571649, 0.6056418177383952, 0.6098850110954206, 0.6067953292247811, 0.6050256160039034, 0.6072599247298773, 0.605587410028059, 0.606533398342272, 0.604433418693982, 0.6095904176212871, 0.6097257358551178]",0.6068436419782519,0.001846928383638711,"[0.48071275405685066, 0.4818921411329753, 0.48164769280116704, 0.48453218154683675, 0.48171358884281845, 0.47832390507584366, 0.48164958631337557, 0.47916412124117647, 0.47880033636252584, 0.4800233841064403, 0.47872676150741866, 0.4797361229862462]",0.4805768813311395,0.0017235208375392514,"[0.5122317407047602, 0.5201368106028217, 0.5195702225633154, 0.5213097713097713, 0.5199145299145299, 0.5192340281308253, 0.5198222829801777, 0.5196736636355911, 0.520221843003413, 0.511944788533003, 0.51829587036069, 0.5180701907167117]",0.5183688118713009,0.0029244863823839674,"[0.5709223348754798, 0.5986615490601319, 0.5996457041629761, 0.5922645408916445, 0.5984848484848485, 0.6026750590086546, 0.5982889172976694, 0.6017516236961228, 0.6002165780665485, 0.5697124852304056, 0.5870916806473897, 0.5870337477797514]",0.5922290891001353,0.01099316725338883
38,lr_model,Merck 2025,Outter Clusters,"[0.5976186299588886, 0.5975226362443293, 0.5975226362443293, 0.5975226362443293, 0.5974867591349201, 0.5975001850863703, 0.5975177692530786, 0.5976655730983086, 0.5975464598294001, 0.5974839410091998, 0.585055314801246, 0.5851990984979245]",0.5954701366168604,0.004625870687719896,"[0.623746076524653, 0.6236134801087391, 0.6236134838696498, 0.6236136568715402, 0.6236556916943801, 0.6237551741689742, 0.623745304221493, 0.6238276611518233, 0.6236475154317721, 0.6235808991636508, 0.6232796981958139, 0.6234866208921133]",0.6236304385245502,0.0001381317228815028,"[0.5322638696076919, 0.5322365038560412, 0.5322365038560412, 0.5322365038560412, 0.5320450223569924, 0.531977192171367, 0.5319433032046015, 0.5322091409182047, 0.5322157659279066, 0.5323045267489712, 0.5123656475007826, 0.5123389158449418]",0.5288644079874653,0.007385283810361264,"[0.6637092898598943, 0.6635355029585799, 0.6635355029585799, 0.6635355029585799, 0.6636622215655129, 0.6637635162564122, 0.6638388905281795, 0.6638590269311759, 0.6636098066042969, 0.6633839318770826, 0.6579563753476796, 0.6582824553065476]",0.6627226685960435,0.002063900721961048,"[0.5170532644742925, 0.5171078139814712, 0.5171077139041157, 0.5171075173841252, 0.5169569776117999, 0.5169103847158226, 0.5167034109713116, 0.5170723183154002, 0.5170289589860724, 0.5172266407520525, 0.5149634645416729, 0.5149231084244518]",0.5166801311718824,0.0007866631629935734,"[0.5571582346609257, 0.5572182150931209, 0.5572182150931209, 0.5572182150931209, 0.5569783708167438, 0.5568340681793741, 0.5567021390949156, 0.5572182150931209, 0.5571105608784583, 0.557302886686773, 0.5435624930809255, 0.5435624930809255]",0.554840342237627,0.005046450241433009,"[0.5094989664337041, 0.5093986812321621, 0.5093986812321621, 0.5093986812321621, 0.5092483274301456, 0.5092446892210858, 0.5092929491592093, 0.5093485534343634, 0.5094506792675724, 0.5094525403702245, 0.48455541300700683, 0.48450759818433]",0.5052329800170107,0.009258297475016776
39,mlp_model,Merck 2025,Outter Clusters,"[0.5551511465746723, 0.5539531293048323, 0.5535280561378197, 0.5550100467463144, 0.5536694545334379, 0.5533192810681421, 0.5554752961171248, 0.5536697694629038, 0.5539343919671994, 0.5570621451729936, 0.5576249848943162, 0.5627079911450767]",0.5554254744270694,0.0025722134563800035,"[0.557343452608979, 0.5565740214463974, 0.5571728750125126, 0.5588724869557327, 0.557122541465012, 0.5572050036735294, 0.5590488810428906, 0.5569422590257105, 0.5567969950385648, 0.5593934861022287, 0.5644546732243949, 0.5675967143131346]",0.5590436158257572,0.003311720438962775,"[0.5540671062024944, 0.5504043354926119, 0.5504587155963303, 0.5524227587371264, 0.5510522542279954, 0.5511466442247002, 0.5524074542541529, 0.5510229909301835, 0.5505247122545701, 0.5559806600798822, 0.5553824780027786, 0.5665416477764498]",0.5534509798149396,0.004356786436806627,"[0.5319345880900956, 0.535700231734511, 0.5343959364189692, 0.534871479954382, 0.5334618924486129, 0.5321286021316725, 0.5357299046619435, 0.5335086565855797, 0.5353049260652726, 0.5340392675932054, 0.5355147996657431, 0.5274745024037382]",0.5336720656461438,0.0022433095914427205,"[0.5919443218216185, 0.5888510879354518, 0.5898551460928477, 0.5949032418747783, 0.5891031266792525, 0.5921322372497417, 0.5959620193475679, 0.5898542825536873, 0.592041934631552, 0.5942950792170556, 0.622137569092172, 0.6298966446918204]",0.5975813909322955,0.012998505751473158,"[0.48315511937893657, 0.48298409867736664, 0.4825081529795434, 0.4836301825437883, 0.48224699195393816, 0.48165036405089356, 0.48350431766182006, 0.4822417485047626, 0.4827816535549948, 0.4851419766674004, 0.484287812041116, 0.4864463160874796]",0.4833815611751701,0.001300814002443958,"[0.6493749384781967, 0.6397008168487354, 0.6406849719515796, 0.6440310993012499, 0.64275875639512, 0.6440794649881982, 0.6442128036188416, 0.6426884471560717, 0.640381964953731, 0.6510437179992122, 0.6509424652126715, 0.6782119597394908]",0.6473426172202582,0.010037259124858366
40,knn_model,Merck 2025,Outter Clusters,"[0.579435429801892, 0.579317647297044, 0.579317647297044, 0.579317647297044, 0.5795181316485967, 0.5797597614911638, 0.5798006376831112, 0.57953417576173, 0.5793895775846839, 0.5791758785608823, 0.5801064233431782, 0.5803222495837508]",0.5795829339458434,0.0003343946791380836,"[0.5839511705822273, 0.5838049289652733, 0.5838049289652733, 0.5838049289652733, 0.5840405367244368, 0.5842889442121483, 0.5843121774660827, 0.5840737398772652, 0.5838367193317691, 0.5836471625698255, 0.5847228317013976, 0.584910801085957]",0.5840999058705775,0.0003750546272617045,"[0.5774624233772777, 0.5774979009235937, 0.5774979009235937, 0.5774979009235937, 0.5774718818197079, 0.5774943358227742, 0.5774328859060402, 0.5774848891873741, 0.5774866691858757, 0.5775836727837735, 0.5775050437121723, 0.5774920154647839]",0.57749229333588,3.3585586312883373e-05,"[0.556300149898598, 0.5560652845169828, 0.5560652845169828, 0.5560652845169828, 0.5564757709251101, 0.5569731632204136, 0.5570699964825888, 0.5564857243567148, 0.5561681294932298, 0.555638998100455, 0.5571415983787117, 0.5575602886815701]",0.556500806090695,0.0005434272457177639,"[0.5082673080676846, 0.5083288395345521, 0.5083288395345521, 0.5083288395345521, 0.5082818841709519, 0.5082895711761573, 0.5081637761683444, 0.5082885492473853, 0.5082577251175704, 0.5083578353199963, 0.5078183830220656, 0.5077503571632846]",0.5082051590047582,0.00019449622814298416,"[0.5034775605827659, 0.5035507723845084, 0.5035507723845084, 0.5035507723845084, 0.5035128805620609, 0.5035855407580858, 0.503474508082803, 0.5035133948177426, 0.5034775605827659, 0.5035512923775354, 0.5029650779705689, 0.5029278290147855]",0.5034281634918866,0.00021818937956230377,"[0.676936706368737, 0.6769018797362464, 0.6769018797362464, 0.6769018797362464, 0.6768988587170406, 0.676829268292683, 0.6768610482840004, 0.6769336744735288, 0.677003347115574, 0.6771366679795195, 0.6779828283825126, 0.6780146043023485]",0.6771085535937237,0.0004050340149481127
41,gaussianNB_model,Merck 2025,Outter Clusters,"[0.5937976292298869, 0.5935381732883818, 0.5935381732883818, 0.5935381732883818, 0.5937689825788368, 0.5936973126298979, 0.593647397839576, 0.5937494825392243, 0.5937812350150724, 0.593717391205421, 0.5941720089255851, 0.5943827193738898]",0.5937773899335447,0.00024528992652674475,"[0.6321668572590924, 0.6320257421698366, 0.6319828339400585, 0.6320100140414353, 0.6322024823430097, 0.6322284289484922, 0.6321352710030328, 0.6322128472479231, 0.6321542829528642, 0.6321703673817078, 0.6326273053140035, 0.6329045769170639]",0.6322350841265434,0.0002561095321234625,"[0.5924408395350782, 0.5924099306194098, 0.5924099306194098, 0.5924099306194098, 0.5924037939247064, 0.5922244957614733, 0.5920761491253705, 0.5923944839114083, 0.5924563017479301, 0.5926204819277109, 0.5922671353251319, 0.5922516944188769]",0.5923637639613264,0.00013334253996448586,"[0.5683287574174121, 0.567807126396029, 0.567807126396029, 0.567807126396029, 0.568267315777827, 0.5682451253481894, 0.5682470946931201, 0.56821602478973, 0.5683026222537207, 0.5680830302492682, 0.5686968838526912, 0.5691042532496242]",0.5682427072349726,0.0003600420983102665,"[0.5482922043954996, 0.5483784833853934, 0.5483459338459697, 0.5483854989981276, 0.5482956111442764, 0.548173347676814, 0.5479724401057333, 0.5483201874487343, 0.5483348828693098, 0.5485918311754262, 0.5478842643836135, 0.54791263286804]",0.5482406098580782,0.00020541601695243478,"[0.5149356784650048, 0.5148565201598256, 0.5148565201598256, 0.5148565201598256, 0.5148522042268865, 0.5146237027360476, 0.5144370284387696, 0.5148169668797211, 0.514975283512649, 0.5152022112307245, 0.5141300399564112, 0.5140906449738524]",0.5147194434082953,0.0003241002019137796,"[0.6974111625159957, 0.6974707213856904, 0.6974707213856904, 0.6974707213856904, 0.6974616292798111, 0.6973839496459481, 0.697315370242895, 0.6975004920291281, 0.6973813742862768, 0.6974202441906262, 0.6984111319451298, 0.6984408920465759]",0.697594867528288,0.0003749851480642861
42,rf_model,Dreher Doyle 2018,Outter Clusters,"[0.4983080513418903, 0.5, 0.5, 0.49982497082847144, 0.5, 0.49824639368025736, 0.49994165694282383, 0.5, 0.49970828471411904, 0.49945341269697285, 0.4998829313977991, 0.5]",0.49961380846686115,0.0006177714148303534,"[0.5438801911929196, 0.5446226238993557, 0.5440395845454998, 0.5455483744380112, 0.5417493304370024, 0.5428929635547417, 0.5491609278725734, 0.5398387597549755, 0.539813726108086, 0.5425684719467098, 0.5398035571810005, 0.5395649994510284]",0.5427902925318253,0.0027739262641573044,"[0.5567433674467114, 0.5581062160138062, 0.5581062160138062, 0.5579653510485867, 0.5581062160138062, 0.5561256168099081, 0.5580592640833605, 0.5581062160138062, 0.5578714257799778, 0.5576547231270358, 0.5566963267168605, 0.5567904051103216]",0.5575276120148323,0.0006929949637891577,"[0.0, 0.0, 0.0, 0.0, 0.0, 0.007163219062933996, 0.0, 0.0, 0.0, 0.00014725371815638345, 0.0, 0.0]",0.0006092060650908649,0.001976524867964182,"[0.43617475852136595, 0.43338722564335436, 0.4427201198597892, 0.4388357055800934, 0.4297088815711637, 0.4334457634642618, 0.44439530853372206, 0.4316079621435224, 0.42214947751529597, 0.42596638083835975, 0.4246782725334701, 0.42202765950466237]",0.4320914596424217,0.007237229616849508,"[0.38626085383502173, 0.3870647215572919, 0.3870647215572919, 0.3869816604932695, 0.3870647215572919, 0.3862284962098861, 0.387037037037037, 0.3870647215572919, 0.38692627394289847, 0.3868052417532761, 0.38574461357784906, 0.3858000993631724]",0.3866702635367982,0.0004928174139796907,"[0.9966161026837806, 1.0, 1.0, 0.9996499416569429, 1.0, 0.9928821470245041, 0.9998833138856477, 1.0, 0.9994165694282381, 0.9988331388564761, 0.9997658627955982, 1.0]",0.9989205896942656,0.0020417722206788544
43,gradient_boosting_model,Dreher Doyle 2018,Outter Clusters,"[0.4629292445014753, 0.46537549137613865, 0.4673092470929715, 0.46387703651490364, 0.47510941419030744, 0.4748028240258008, 0.47265217882149174, 0.4759732835142408, 0.4693033320501959, 0.46431195904988903, 0.4641170228732197, 0.47831046100890706]",0.46950595791829514,0.005335285871811761,"[0.4421907489088675, 0.46326001709149356, 0.4643681654554245, 0.453194388783069, 0.4695827777107596, 0.46640053387916974, 0.467660410304181, 0.4703601620828682, 0.4638829606717667, 0.45804865495414715, 0.4646200847091498, 0.46841150105225726]",0.4626650338002629,0.007733910493240863,"[0.5149629422458397, 0.5042885418957554, 0.49312965379596224, 0.5126609138492008, 0.492180421508765, 0.5042384056059979, 0.5084221001806052, 0.5071065230400957, 0.4884213831540937, 0.5096353606991905, 0.491848240134085, 0.5011132437619963]",0.5023339774892991,0.008561306331121576,"[0.11506569715524939, 0.20447058823529413, 0.2755102040816326, 0.1390728476821192, 0.3178282267026512, 0.2581881729522521, 0.22237770392396944, 0.24894562863330674, 0.3068496064667092, 0.16340747983378148, 0.2601220188574598, 0.2871873628784555]",0.23325212811690674,0.06292668848436794,"[0.35763553194760656, 0.3711274982078197, 0.37120816976779913, 0.3654743430097551, 0.376703965129215, 0.372118015290057, 0.3706028298423224, 0.3750540995794765, 0.37126193345999947, 0.36890687031840164, 0.3707519423981277, 0.3704892086437078]",0.3701112006328573,0.004608622312810696,"[0.3676250374363582, 0.3676250534416417, 0.3674216426447037, 0.3678067593626307, 0.37151352958667855, 0.3723362822010794, 0.37158558267334735, 0.37316965760211385, 0.3679914833215046, 0.367686582592516, 0.3645398080180689, 0.3728010052547407]",0.3693418686779486,0.0026598333557004156,"[0.8593932322053676, 0.802683780630105, 0.7495915985997667, 0.8457409568261377, 0.7289381563593932, 0.7808634772462077, 0.8047841306884481, 0.7910151691948658, 0.7260210035005834, 0.8301050175029171, 0.755794895808944, 0.7641067665652073]",0.7865865154273286,0.041982306405398476
44,lr_model,Dreher Doyle 2018,Outter Clusters,"[0.4973441635060416, 0.4973441635060416, 0.4973441635060416, 0.4973441635060416, 0.4973441635060416, 0.4973441635060416, 0.4973441635060416, 0.4973441635060416, 0.4973441635060416, 0.4973441635060416, 0.49672275491492285, 0.49672275491492285]",0.4972405954075218,0.00023158530859065138,"[0.41395119165404093, 0.41395120885043246, 0.4139512131495303, 0.4139511873549431, 0.41395122174772603, 0.4139512045513345, 0.4139512002522367, 0.4139511830558452, 0.4139512131495303, 0.4139512088504324, 0.41362891765097176, 0.4136305662014035]",0.4138976263723689,0.0001198020394511445,"[0.5493279569892473, 0.5493279569892473, 0.5493279569892473, 0.5493279569892473, 0.5493279569892473, 0.5493279569892473, 0.5493279569892473, 0.5493279569892473, 0.5493279569892473, 0.5493279569892473, 0.5474555735056543, 0.5474555735056543]",0.5490158930753152,0.0006977961248769596,"[0.07643575265114998, 0.07643575265114998, 0.07643575265114998, 0.07643575265114998, 0.07643575265114998, 0.07643575265114998, 0.07643575265114998, 0.07643575265114998, 0.07643575265114998, 0.07643575265114998, 0.07714481811942346, 0.07714481811942346]",0.07655393022919556,0.00026425309792620517,"[0.5050939097003679, 0.5050939139488264, 0.5050939152053273, 0.5050939085870529, 0.5050939173273394, 0.5050939124563313, 0.5050939119653771, 0.5050939075328912, 0.5050939151903078, 0.5050939133357675, 0.5037866007354657, 0.5037870292904147]",0.5048760629396224,0.000487126489544738,"[0.3857479943369514, 0.3857479943369514, 0.3857479943369514, 0.3857479943369514, 0.3857479943369514, 0.3857479943369514, 0.3857479943369514, 0.3857479943369514, 0.3857479943369514, 0.3857479943369514, 0.3841757203589986, 0.3841757203589986]",0.3854859486739592,0.0005859519156594063,"[0.9537922987164528, 0.9537922987164528, 0.9537922987164528, 0.9537922987164528, 0.9537922987164528, 0.9537922987164528, 0.9537922987164528, 0.9537922987164528, 0.9537922987164528, 0.9537922987164528, 0.9521189416998361, 0.9521189416998361]",0.9535134058803502,0.0006236233399635083
45,mlp_model,Dreher Doyle 2018,Outter Clusters,"[0.45141709873316765, 0.45064916807727234, 0.4506001067723947, 0.45024076667703894, 0.45128506913852184, 0.44898146633114216, 0.4507690742159284, 0.4509533851397555, 0.450222297752595, 0.45068913679015765, 0.4571493405393668, 0.462110973734778]",0.4520889903251766,0.0035705208590312747,"[0.3925913646428606, 0.3921359096164543, 0.3928762529613261, 0.3923426059428837, 0.3919372569021372, 0.3914970077848924, 0.3919378458785452, 0.3924187171715513, 0.392241680321318, 0.3924842010302874, 0.39951081353527557, 0.4042651382856614]",0.3938532328394328,0.0037373636025953257,"[0.5042135326681005, 0.5027067190319499, 0.5028813858935832, 0.5023357870894677, 0.5041252379944997, 0.5001777461784571, 0.5032845941936851, 0.5036697247706422, 0.5021776849261712, 0.502899575671853, 0.509280661203334, 0.5153680704919171]",0.5044267266761383,0.0038778247503171164,"[0.11682683248539665, 0.12260440726637119, 0.12102269175470401, 0.12255085486085111, 0.11658291457286432, 0.1295195641406637, 0.11923847695390781, 0.11767657759377745, 0.12355838164702948, 0.12148481439820022, 0.10910478128179044, 0.09614389233954453]",0.11802618244125841,0.008106666083172303,"[0.5078398848397683, 0.5017529658931117, 0.5054745462676595, 0.5032675677715819, 0.5061163057179848, 0.49768464999725115, 0.50527953418407, 0.5068269444342199, 0.5030700280486003, 0.5038684505235138, 0.528692566696118, 0.5441819035848515]",0.5095046123298942,0.012708517929742596,"[0.36127532716891514, 0.3607373178286701, 0.3607405528785189, 0.36051000711165293, 0.3612065481002425, 0.35966257668711654, 0.3608691247974068, 0.3610015174506829, 0.36047989426058663, 0.36078132927448, 0.36333200079952027, 0.36619996056004733]",0.3613996797431533,0.0016628270186080957,"[0.8343057176196033, 0.8289381563593933, 0.8298716452742124, 0.8281213535589265, 0.8341890315052509, 0.8208868144690782, 0.8313885647607935, 0.8327887981330222, 0.8274212368728121, 0.82975495915986, 0.8512058066026692, 0.8695855771482088]",0.8348714717886526,0.012490514779797693
46,knn_model,Dreher Doyle 2018,Outter Clusters,"[0.48233087972353705, 0.4781911752074121, 0.4894648328205513, 0.48878924678687574, 0.4889098106875057, 0.4941361551809245, 0.49089091666826445, 0.4893335555680325, 0.489676137779896, 0.4923638004953764, 0.4822490502929091, 0.47798395763292534]",0.48702662657035084,0.005193054573028421,"[0.4701391067695573, 0.46588569971300076, 0.46484701187333444, 0.5014569470713126, 0.4888305912110791, 0.4774659173969616, 0.47842625847706866, 0.4880026795417196, 0.4796859371435779, 0.5093989758001201, 0.4693007971632329, 0.46604675660916783]",0.4799572232308444,0.013877221054971654,"[0.5073126142595978, 0.5018427518427518, 0.5166209668331894, 0.5158646616541354, 0.5277508700175797, 0.5325659541002359, 0.5310062333036509, 0.5281056067726082, 0.5149967850523848, 0.5201300885948189, 0.5061003507701692, 0.5005380476556495]",0.516902910904731,0.010823989242127376,"[0.2823699101298125, 0.2883623999122518, 0.27124978764369445, 0.2716887229951363, 0.19781827046133219, 0.1981849399067942, 0.18757327080890973, 0.19811033221578786, 0.28134282351622486, 0.2677542638754207, 0.2824858757062147, 0.28835833972182673]",0.25127491140778385,0.040045372712747135,"[0.41581220573056926, 0.55795304032391, 0.5680879953519167, 0.483460997036877, 0.4584639855282676, 0.5585315283580787, 0.5643610059718798, 0.5778508039018247, 0.5993714228118829, 0.48729850756145515, 0.4133975502208088, 0.5572039306927775]",0.5201494144575207,0.06234729018791256,"[0.37656903765690375, 0.3739558301865202, 0.3809339168005318, 0.3805324459234609, 0.3810288556182977, 0.3838899196042053, 0.3821584209177134, 0.3812606826539597, 0.38099501930718005, 0.38265221934987076, 0.3752685740133439, 0.37258267536331385]",0.37931896644960844,0.0035562041769951237,"[0.7771295215869312, 0.7626604434072345, 0.8024504084014003, 0.800583430571762, 0.8582263710618436, 0.8691948658109685, 0.8697782963827304, 0.858926487747958, 0.7943990665110852, 0.8117852975495916, 0.7769843128073051, 0.7623507375321938]",0.8120391032809168,0.03960366137310509
47,gaussianNB_model,Dreher Doyle 2018,Outter Clusters,"[0.5486102650247666, 0.5486102650247666, 0.5486102650247666, 0.5486102650247666, 0.5486102650247666, 0.5486102650247666, 0.5486102650247666, 0.5486102650247666, 0.5486102650247666, 0.5486102650247666, 0.5491842955246427, 0.5491842955246427]",0.5487059367747459,0.00021392853648016558,"[0.48593716937250453, 0.4859370790914493, 0.48593705759595995, 0.48593676095820704, 0.4859371177833301, 0.48593728544814707, 0.48593701890407914, 0.4859371263815258, 0.48593697161400257, 0.4859371048860365, 0.48622702400628603, 0.4862269336157925]",0.48598538747144343,0.0001080429991436076,"[0.3371223917782622, 0.3371223917782622, 0.3371223917782622, 0.3371223917782622, 0.3371223917782622, 0.3371223917782622, 0.3371223917782622, 0.3371223917782622, 0.3371223917782622, 0.3371223917782622, 0.3378589263420724, 0.3378589263420724]",0.33724514753889717,0.0002744902254096184,"[0.7291812456263121, 0.7291812456263121, 0.7291812456263121, 0.7291812456263121, 0.7291812456263121, 0.7291812456263121, 0.7291812456263121, 0.7291812456263121, 0.7291812456263121, 0.7291812456263121, 0.7303120828831119, 0.7303120828831119]",0.7293697185024454,0.00042143816294893554,"[0.44267045000080596, 0.442670357536475, 0.4426703733215579, 0.44267020545944946, 0.44267031338144325, 0.44267042932906553, 0.44267035613994554, 0.44267048149514454, 0.4426703585149581, 0.4426703573851015, 0.44205311652934776, 0.4420530237175818]",0.44256748523423967,0.00023005344169365832,"[0.5065512400561535, 0.5065512400561535, 0.5065512400561535, 0.5065512400561535, 0.5065512400561535, 0.5065512400561535, 0.5065512400561535, 0.5065512400561535, 0.5065512400561535, 0.5065512400561535, 0.5065512400561535, 0.5065512400561535]",0.5065512400561535,0.0,"[0.2526254375729288, 0.2526254375729288, 0.2526254375729288, 0.2526254375729288, 0.2526254375729288, 0.2526254375729288, 0.2526254375729288, 0.2526254375729288, 0.2526254375729288, 0.2526254375729288, 0.25345352376492625, 0.25345352376492625]",0.2527634519382617,0.0003086095027558636
