,Model,train_data,test_data,Balanced Accuracy,ROC AUC,F1 Score,F0 Score,AU-PR-C,Precision 1,Recall 1,Balanced Accuracy Avg,Balanced Accuracy Std,ROC AUC Avg,ROC AUC Std,F1 Score Avg,F1 Score Std,F0 Score Avg,F0 Score Std,AU-PR-C Avg,AU-PR-C Std,Precision 1 Avg,Precision 1 Std,Recall 1 Avg,Recall 1 Std
0,rf_model,Dreher 2014,Outter Clusters,"[0.5, 0.5, 0.5, 0.5, 0.5, 0.5, 0.5, 0.5, 0.5, 0.5]","[0.5208713044592367, 0.49592152576085424, 0.49235461317071316, 0.5081092061664104, 0.4785998688760525, 0.5005411915461582, 0.51350307126394, 0.5043074736404833, 0.5023306740541141, 0.5244541507526607]","[0.0, 0.0, 0.0, 0.0, 0.0, 0.0, 0.0, 0.0, 0.0, 0.0]","[0.7430300113444944, 0.7316394522955261, 0.7315758381332151, 0.7300511785482593, 0.7360956246376166, 0.7515825974759082, 0.72871551468407, 0.7488990410338725, 0.7289384000879475, 0.729691459233865]","[0.4614999839668068, 0.38758064809504145, 0.4125369578247733, 0.4264519181681407, 0.35778755966019427, 0.405635216855954, 0.43833838027425787, 0.3875665923988378, 0.41699647599590356, 0.4662958277625685]","[0.0, 0.0, 0.0, 0.0, 0.0, 0.0, 0.0, 0.0, 0.0, 0.0]","[0.0, 0.0, 0.0, 0.0, 0.0, 0.0, 0.0, 0.0, 0.0, 0.0]",0.5,0.0,0.5040993079690624,0.0129267029896675,0.0,0.0,0.7360219117474774,0.008217856614854344,0.41606895610024786,0.0321455096467655,0.0,0.0,0.0,0.0
1,gradient_boosting_model,Dreher 2014,Outter Clusters,"[0.5000206233232332, 0.5000181727919852, 0.5002934095895126, 0.500084143259997, 0.5, 0.5, 0.5000858013079859, 0.5, 0.5000849184759524, 0.5000867876698544]","[0.5365431670851266, 0.5033810745731646, 0.48023300324378476, 0.48611942041732314, 0.4910802578339514, 0.5166051439450566, 0.5218872835116706, 0.4477064904617801, 0.5031008530286882, 0.5180534474627799]","[0.00026748696001069946, 0.0002727768685215494, 0.0013743815283122596, 0.0005338315761377285, 0.0, 0.0, 0.0005465227490094275, 0.0, 0.0005405405405405405, 0.0005511919525974921]","[0.7430123422834944, 0.7316198008201523, 0.7316640815422114, 0.7300580326568865, 0.7360956246376166, 0.7515825974759082, 0.7287224179491935, 0.7488990410338725, 0.7289452466466319, 0.7296985055714978]","[0.4284901575053878, 0.41969774358679157, 0.4105807126449307, 0.4118308160552907, 0.40680976669790136, 0.4078350103803001, 0.43504821105458213, 0.36735795435586294, 0.4232978436189124, 0.4333074043504136]","[0.5, 0.5, 0.8333333333333334, 0.6666666666666666, 0.0, 0.0, 0.6666666666666666, 0.0, 0.6666666666666666, 0.6666666666666666]","[0.00013377926421404682, 0.00013642564802182812, 0.000687757909215956, 0.000267022696929239, 0.0, 0.0, 0.0002733734281027884, 0.0, 0.00027037988373665, 0.00027570995312930797]",0.500067385641852,8.40367250797961e-05,0.5004710141563325,0.024150610784663875,0.0004086732175129698,0.0003929889315821387,0.7360297690617464,0.008210424575753793,0.41442556202503733,0.018505282279048022,0.45,0.3077697552103231,0.00020444487833498165,0.00019664641352918705
2,lr_model,Dreher 2014,Outter Clusters,"[0.4999537336911261, 0.49994995996797437, 0.4999495306349046, 0.4999506319115324, 0.5, 0.5, 0.4999491145939345, 0.5, 0.49994972853408404, 0.49994893269328977]","[0.5128801318852856, 0.5005364182205246, 0.5014994885724723, 0.4990946195770242, 0.489768106979315, 0.5000320181705077, 0.5000326484549033, 0.485276649759819, 0.49771220314995007, 0.5073405557457731]","[0.0, 0.0, 0.0, 0.0, 0.0, 0.0, 0.0, 0.0, 0.0, 0.0]","[0.7429867986798679, 0.7315930143155275, 0.7315290034338883, 0.7300054063795279, 0.7360956246376166, 0.7515825974759082, 0.7286683724552231, 0.7488990410338725, 0.7288918205804747, 0.7296441214831377]","[0.4304150672189623, 0.42731485373859923, 0.42829622227129366, 0.42685316226140213, 0.41572312058570093, 0.4108216824848391, 0.4284694280367752, 0.3931332584806839, 0.4273377864013423, 0.442725794739938]","[0.0, 0.0, 0.0, 0.0, 0.0, 0.0, 0.0, 0.0, 0.0, 0.0]","[0.0, 0.0, 0.0, 0.0, 0.0, 0.0, 0.0, 0.0, 0.0, 0.0]",0.4999651632026845,2.2841478263213545e-05,0.49941728405155744,0.007392203217335023,0.0,0.0,0.7359895800475045,0.008234371089697549,0.4231090376219536,0.012835512357923708,0.0,0.0,0.0,0.0
3,mlp_model,Dreher 2014,Outter Clusters,"[0.5002586085508185, 0.5001722523994638, 0.5001731508809091, 0.5001558686990764, 0.5001434654586376, 0.5001650455272784, 0.5001485942885708, 0.5001619798677994, 0.500148782334978, 0.5001579608806127]","[0.46629927400579274, 0.44062722210510563, 0.44033254104992114, 0.43827664769455643, 0.4177759212489527, 0.4506797482851078, 0.4355275297558602, 0.4388972970530618, 0.43788531885892074, 0.4440371238904124]","[0.006902960307978229, 0.007038440714672442, 0.007096069868995633, 0.006889242183359831, 0.0020239500758981277, 0.00194394945731411, 0.007051803634391104, 0.0019630296090299365, 0.006975184439973172, 0.007111597374179431]","[0.7423099445420412, 0.7308482535955386, 0.7307777695552431, 0.7292689973995956, 0.7359543040742559, 0.7514623421678971, 0.7279078409513192, 0.7487749639695286, 0.7281407219712829, 0.7288819179923819]","[0.39210441130273754, 0.3921055976682615, 0.39181519345121874, 0.3927601825025799, 0.3702832667780297, 0.3683413756239393, 0.393103687386691, 0.3645134911907696, 0.39407651387477427, 0.3967829894651316]","[0.4482758620689655, 0.4482758620689655, 0.4482758620689655, 0.4482758620689655, 0.5, 0.5, 0.4482758620689655, 0.5, 0.4482758620689655, 0.4482758620689655]","[0.0034782608695652175, 0.0035470668485675307, 0.003576341127922971, 0.003471295060080107, 0.001014027378739226, 0.0009738678785911378, 0.003553854565336249, 0.000983445336830028, 0.0035149384885764497, 0.0035842293906810036]",0.5001685708888146,3.145160107556293e-05,0.4410338623947691,0.011551592627344396,0.005499622766579201,0.002307219468054793,0.7354327056219084,0.008461205276889814,0.3855886709244133,0.01185261523038541,0.4637931034482758,0.023702977732530207,0.002769732694488992,0.0011653799916134114
4,knn_model,Dreher 2014,Outter Clusters,"[0.5047642971404945, 0.5034932038400161, 0.5035141048338266, 0.503226036505757, 0.4971237581994452, 0.49868684574782673, 0.5031363243676716, 0.49836577969102147, 0.503349600618791, 0.5032679837948666]","[0.46804906271266644, 0.46437848778340546, 0.4644690046594262, 0.46361589676176984, 0.4405919161586631, 0.44872609129976526, 0.46293980960344777, 0.43853396383274745, 0.4623083482765838, 0.4663614779101022]","[0.09707112970711299, 0.0990026757479932, 0.09973045822102426, 0.09711286089238844, 0.061791647259742274, 0.05925482567709113, 0.09917153996101363, 0.059782608695652176, 0.09910778876296117, 0.09970530451866405]","[0.7321536224688818, 0.7196275830747104, 0.7194563225412338, 0.7181797869963508, 0.7240261222998584, 0.7410519378887105, 0.7164442399140972, 0.7380331454530159, 0.7168839042133981, 0.7174130887227319]","[0.40568186520683713, 0.41464771249403104, 0.41481542820228545, 0.41540561635540146, 0.38345132282926525, 0.37232383842702205, 0.41673352939606506, 0.3708392440131411, 0.41651084996675747, 0.41725913637590145]","[0.45617977528089887, 0.4562780269058296, 0.4562780269058296, 0.4562780269058296, 0.3797709923664122, 0.3793103448275862, 0.4562780269058296, 0.37858508604206503, 0.45819397993311034, 0.45617977528089887]","[0.05431438127090301, 0.05552523874488404, 0.055983493810178815, 0.05433911882510013, 0.03363190806151766, 0.03213763999350755, 0.05563149261891744, 0.032453696115390916, 0.05556306610788157, 0.05596912048524952]",0.5018927934739716,0.002573605704280158,0.4579974058998578,0.010468554076561899,0.08717308394436432,0.017640120896070723,0.724326975357299,0.008819662770666807,0.40276685432667075,0.01835153797192159,0.433333206135429,0.03542962836311136,0.048554915603353066,0.010373198840682442
5,gaussianNB_model,Dreher 2014,Outter Clusters,"[0.5, 0.5, 0.5, 0.5, 0.5, 0.5, 0.5, 0.5, 0.5, 0.5]","[0.5, 0.5, 0.5, 0.5, 0.5, 0.5, 0.5, 0.5, 0.5, 0.5]","[0.0, 0.0, 0.0, 0.0, 0.0, 0.0, 0.0, 0.0, 0.0, 0.0]","[0.7430300113444944, 0.7316394522955261, 0.7315758381332151, 0.7300511785482593, 0.7360956246376166, 0.7515825974759082, 0.72871551468407, 0.7488990410338725, 0.7289384000879475, 0.729691459233865]","[0.7044360573241439, 0.71158064888581, 0.7116201897886709, 0.7125666931547281, 0.7088009033806196, 0.6989858536270267, 0.713394003033485, 0.700703993683795, 0.7132560687309001, 0.7127896743913171]","[0.0, 0.0, 0.0, 0.0, 0.0, 0.0, 0.0, 0.0, 0.0, 0.0]","[0.0, 0.0, 0.0, 0.0, 0.0, 0.0, 0.0, 0.0, 0.0, 0.0]",0.5,0.0,0.5,0.0,0.0,0.0,0.7360219117474774,0.008217856614854344,0.7088134086000497,0.005173561210983588,0.0,0.0,0.0,0.0
6,rf_model,Dreher 2016,Outter Clusters,"[0.50590909443531, 0.5070842009547415, 0.5074183849792493, 0.505008625869123, 0.5053016003812221, 0.5057984988033446, 0.5068529413520115, 0.505183562901519, 0.5033385365307771, 0.5054227854005323]","[0.6308082445707758, 0.5731740812218327, 0.5590703706532318, 0.6222369858306188, 0.5986537553923382, 0.5570185660456041, 0.5454985324505391, 0.574801513085488, 0.5690238723284555, 0.5859536371419118]","[0.02539272649020874, 0.033489181254756986, 0.03414156790257693, 0.022067010831055774, 0.022575342465753427, 0.025077740997090984, 0.0311716621253406, 0.02258589338692698, 0.014687163419171645, 0.024037339556592766]","[0.696569744070749, 0.6830903062497771, 0.6852567055238634, 0.6827361991396013, 0.6852080612713091, 0.6883837250312611, 0.6854453448458898, 0.6872837502679199, 0.6861687197879307, 0.6416452442159383]","[0.6035057665235166, 0.5829752357929043, 0.5896608793903999, 0.602912058672289, 0.6015916498168696, 0.5454388894028317, 0.5623526949112878, 0.5896928675897446, 0.5473859440114993, 0.617360047552715]","[0.9147286821705426, 0.8461538461538461, 0.8626373626373627, 0.9008264462809917, 0.9279279279279279, 0.9124087591240876, 0.8719512195121951, 0.9076923076923077, 0.9036144578313253, 0.911504424778761]","[0.01287506819421713, 0.017082640044370493, 0.017415418746533556, 0.011170321787251487, 0.011426669625027735, 0.012713588283157039, 0.0158694928420819, 0.011435216590754919, 0.007403751233958539, 0.012179259784793662]",0.505731823160783,0.0011312919037595405,0.5816239558720795,0.026595331382440374,0.02552256284294748,0.005645742181753704,0.682178780040424,0.01400361120024694,0.5842876033664057,0.023497513171602216,0.8959445434109348,0.02504754080929278,0.012957142713214645,0.0029110202072190243
7,gradient_boosting_model,Dreher 2016,Outter Clusters,"[0.49543883424265944, 0.4901676269959911, 0.492279242349222, 0.5031218148552125, 0.4892174533558537, 0.4995310109059898, 0.4908453580203036, 0.4983490946764393, 0.49748173822064456, 0.48695817919108964]","[0.5812167074888468, 0.5764676021045505, 0.5608389089641155, 0.5786148262537829, 0.562288079125729, 0.5765352147018075, 0.5714849444606968, 0.5593541892576519, 0.5623038388137427, 0.563961110531292]","[0.12436785914965351, 0.09006700827749312, 0.1198165488247659, 0.16895171591586478, 0.0965665236051502, 0.15221662253352697, 0.12582781456953643, 0.15789049270220146, 0.16418517614514685, 0.0939540762586897]","[0.6715610510046369, 0.6592368440475312, 0.6582325443347926, 0.6586210515269179, 0.6595603910902007, 0.6629995585888425, 0.6560452650387135, 0.6599146774351125, 0.6574182145596424, 0.6162562455389007]","[0.5140836297767587, 0.5189242368551177, 0.5109286493531477, 0.5307439902831055, 0.5078136747221768, 0.5237431432149027, 0.5173242806521539, 0.5119958799515965, 0.5120093021274511, 0.5555801304677291]","[0.4388631857237277, 0.40335392762577227, 0.4321157822191592, 0.49974811083123427, 0.3998384491114701, 0.4752, 0.42655548428479795, 0.4702209414024976, 0.4669134659879685, 0.43008678881388623]","[0.07244953627932352, 0.050693288962839714, 0.06955074875207987, 0.1016601762656282, 0.05491457732416241, 0.09062245728234337, 0.07379869048940184, 0.09487353425719547, 0.09960513326752221, 0.05273737732056285]",0.4943390352813406,0.004957997142571414,0.5693065421702215,0.007964901573843016,0.12938438379820288,0.028492299165803384,0.6559845843165292,0.013867406251125031,0.520314691740414,0.013403108285326848,0.4442896136000514,0.030920662405652166,0.07609055202010594,0.01863011058186085
8,lr_model,Dreher 2016,Outter Clusters,"[0.4969977561429309, 0.49526453043613594, 0.4956365772820899, 0.49534441665493373, 0.4956082440981325, 0.4956168109207232, 0.4956751236320066, 0.4961250354889527, 0.49335005183320796, 0.49600885252818827]","[0.48881363762735697, 0.48549957559862994, 0.48504955782537673, 0.4846643977884484, 0.48427610918270786, 0.48936090685666783, 0.485111507027048, 0.4928640799958839, 0.48197160234240727, 0.48759601433110866]","[0.17270638147427966, 0.17506297229219142, 0.17501573882543395, 0.17722148541114058, 0.17498426400503553, 0.17764290986631673, 0.17506297229219145, 0.17792035052030356, 0.17369133933551112, 0.17735627688697692]","[0.6636964645012935, 0.649062380405664, 0.6512299912550854, 0.6488360574541852, 0.6516307855868171, 0.6538235801829795, 0.6515692681814728, 0.6535430474494673, 0.6511252396810979, 0.6119361682501614]","[0.46000898335593354, 0.47207780783543435, 0.4699810690077817, 0.471867925560602, 0.46916239688041117, 0.46786334681390085, 0.4696837619847678, 0.4707937897228554, 0.46422850489356504, 0.518114273736163]","[0.45463006049325266, 0.46311280342693956, 0.46245247148288976, 0.4635732870771899, 0.46179401993355484, 0.45870393900889456, 0.4622327790973872, 0.46181965881397236, 0.45022717885171415, 0.5121400338791643]","[0.10660120021822149, 0.1079312257348863, 0.1079312257348863, 0.109551137528182, 0.107943199467495, 0.11015052888527258, 0.10797913661080902, 0.11018509545498595, 0.10760118460019744, 0.10724843325056166]",0.49556273990173016,0.0008735057640337491,0.48652073885756353,0.0029847985381165356,0.1756664690909381,0.0016893890155557545,0.6486452982948224,0.012866251243841975,0.47337818597914155,0.01532252024152937,0.4650686232064959,0.016210136608694692,0.10831223674854977,0.0011629357207407053
9,mlp_model,Dreher 2016,Outter Clusters,"[0.5200030307376129, 0.5167572040862601, 0.5176269451778982, 0.5149395864203137, 0.5178248258184986, 0.5164420825748636, 0.5177732264544768, 0.5180761306662807, 0.5139894201253448, 0.5215383043455867]","[0.5170045399212407, 0.503871126991142, 0.5052165020936683, 0.5036046486597648, 0.5053060482001978, 0.5114050409965488, 0.5050733891354211, 0.5160101355974498, 0.5008172394532805, 0.5115395401013957]","[0.3011786600496278, 0.30614331786360416, 0.30616740088105726, 0.29444689939608193, 0.30619148768782944, 0.2930290395728184, 0.3061545726428459, 0.2923615977575333, 0.2875062361912907, 0.31854145166838665]","[0.6566857142857143, 0.6404434842864712, 0.6430305973773677, 0.6418959330143541, 0.6436335717460703, 0.6483792338196238, 0.6434810740860564, 0.6498370205978223, 0.6460863100506249, 0.6093087466719258]","[0.5130357556868058, 0.5215546800590578, 0.5205009636532858, 0.5192045924976589, 0.5201400444340234, 0.516729526418674, 0.5201771855146282, 0.5206003081761819, 0.5127182257325192, 0.5726077303665229]","[0.5205038863575449, 0.5262303948080044, 0.526372734649716, 0.5232984293193718, 0.526372734649716, 0.521750455847877, 0.5263870094722598, 0.5279676031384459, 0.5170469110484491, 0.5840428886786503]","[0.21189307146753955, 0.2158624514697726, 0.2158624514697726, 0.20485755277720843, 0.21588639893499, 0.2037225386493084, 0.21584729774719788, 0.20215137125690474, 0.19911154985192497, 0.21899018564502779]",0.5174970756407136,0.0020893063268967796,0.507984821115011,0.005299937722847288,0.3011720663711075,0.008816452145997005,0.642278168593603,0.01187764183472205,0.5237269012539357,0.016566859516373825,0.5299973047970035,0.01830100223702775,0.2104184869269647,0.006828204057383367
10,knn_model,Dreher 2016,Outter Clusters,"[0.5106714986541471, 0.5097653820097229, 0.5100047854458374, 0.5095625071281562, 0.5100391442327774, 0.509842775583369, 0.5100795938604059, 0.509096191094646, 0.5095264378951547, 0.5070144360438492]","[0.5305868990364959, 0.5208691638461755, 0.5392137566836775, 0.5220907457541791, 0.5314837981199485, 0.5431078396961009, 0.5412942129960308, 0.52068556440729, 0.5299105497189457, 0.5347257238720362]","[0.11958642216152945, 0.12232779097387175, 0.12319557049634172, 0.11633686148182237, 0.12233989903988914, 0.11678832116788321, 0.12238835528270124, 0.10930110352075668, 0.11230755539734805, 0.1261603375527426]","[0.6876168062573546, 0.6732738928597745, 0.6752362118215777, 0.6741557780417444, 0.6758545055748493, 0.6794489701304722, 0.6757636729467714, 0.6790785736825496, 0.6786508166618342, 0.6306732055283103]","[0.5101526593333741, 0.5174791913202617, 0.5234708449014427, 0.5169842518546011, 0.5201720446512339, 0.5203645475930655, 0.5249311074974637, 0.5119071148067287, 0.5160076291310299, 0.5637047217442388]","[0.5639374425022999, 0.5674931129476584, 0.5668789808917197, 0.5709123757904245, 0.5674931129476584, 0.5673758865248227, 0.5680147058823529, 0.5677888989990901, 0.5700090334236676, 0.5845552297165201]","[0.06688488816148391, 0.06855241264559069, 0.06910704381586245, 0.06476737036277926, 0.0685600177501664, 0.06509357200976404, 0.06858284319165464, 0.06047097586975482, 0.06229022704837117, 0.07071065389618068]",0.5095602751948066,0.0009354737102577231,0.531396825413088,0.007888793097736805,0.11907322170748862,0.005037011316330043,0.6729752433505238,0.014621456845763624,0.5225174112833441,0.014412173098547915,0.5694458779626216,0.005332892010318989,0.0665020004751608,0.0031067676859999126
11,gaussianNB_model,Dreher 2016,Outter Clusters,"[0.5018885080635862, 0.5022081744137235, 0.5022824259721849, 0.502221360459194, 0.502300470212688, 0.5024012605027701, 0.5022963725243386, 0.502173672745515, 0.5020953465606575, 0.5013426859042116]","[0.5018885080635862, 0.5022081744137235, 0.5022824259721849, 0.502221360459194, 0.502300470212688, 0.5024012605027702, 0.5022963725243386, 0.502173672745515, 0.5020953465606576, 0.5013426859042116]","[0.040670859538784056, 0.04037167574495354, 0.04037167574495354, 0.039316408179393456, 0.04037598803674428, 0.03921953132660065, 0.04038893044128646, 0.03760523854069223, 0.03973384030418251, 0.0418943533697632]","[0.6908734715935959, 0.6777606426855073, 0.6797590619096839, 0.6780547555202437, 0.6802391799544418, 0.6834846086759909, 0.6801068566340159, 0.6826454438891973, 0.6819069210907489, 0.636080601919917]","[0.498418140223393, 0.5189992964821857, 0.5178974280289161, 0.5198190897532444, 0.517632618372341, 0.5166754115774409, 0.5177070156761706, 0.5153416180226039, 0.5129256643646448, 0.5514845478181655]","[0.5173333333333333, 0.5431034482758621, 0.5431034482758621, 0.5452054794520548, 0.5431034482758621, 0.5449591280653951, 0.5431034482758621, 0.5417789757412399, 0.5358974358974359, 0.5626911314984709]","[0.02116748499727223, 0.020965058236272878, 0.020965058236272878, 0.02039352326296372, 0.020967384069225648, 0.02034174125305126, 0.020974364665408946, 0.019478631650353715, 0.02063178677196446, 0.0217571242757479]",0.502121027735887,0.00029129002990135677,0.502121027735887,0.00029129002990136647,0.0399948501227354,0.0010718877817514957,0.6770911543873344,0.014121737418230501,0.5186900830319107,0.012405690030904484,0.5420279277091378,0.010477364352383268,0.020764215741853366,0.0005745233067049213
12,rf_model,Dreher Doyle 2018,Outter Clusters,"[0.5065242997452761, 0.5031402303139448, 0.5028093236296298, 0.5040376486564211, 0.5040008812470527, 0.5070105102106048, 0.5050236023352702, 0.5021692771527319, 0.5043985563760085, 0.5068702069472274]","[0.4738038148197332, 0.47871645636758764, 0.4737901228121003, 0.4736438064287406, 0.47523308652252083, 0.48354989432146084, 0.46503932012299515, 0.467823536716937, 0.47345047407575674, 0.4901767915813359]","[0.5599212856674319, 0.5583265239418206, 0.5581623317213437, 0.5587542528133996, 0.5587359743531027, 0.5601102760182481, 0.5592088027246529, 0.5578631138975966, 0.5588976532582726, 0.5600761204803465]","[0.027117169373549885, 0.012712793161394023, 0.011405176195350199, 0.016479509989791457, 0.01633486472690148, 0.02968218345037284, 0.020806052669867597, 0.008639625128130032, 0.018355306285964015, 0.028687337003767025]","[0.3673662760289088, 0.37437948655875863, 0.37306336986979305, 0.3652279793227389, 0.37174191179730387, 0.39652282890919704, 0.3654756340443561, 0.36436701377193886, 0.3634987555115213, 0.38238805590707403]","[0.38891926371423363, 0.38729424568085974, 0.3871362523796573, 0.3877235993825479, 0.3877059971852726, 0.3891549231541023, 0.38819678094025645, 0.38683090299791684, 0.3878969606106038, 0.3890864332603939]","[0.9992975883867946, 0.9998829313977992, 0.9998829313977992, 0.9997658627955982, 0.9997658627955982, 0.998946382580192, 0.9995317255911964, 1.0, 0.9995317255911964, 0.9991805197845938]",0.5045984536614168,0.0016373261251968042,0.4755227303769168,0.0068732912396779955,0.5590056334876214,0.0007662337016379549,0.019022001798508856,0.007039304634883941,0.37240313117215906,0.009772142378872672,0.3879945359305844,0.0007862597317970668,0.9995785530320767,0.00032779208616250783
13,gradient_boosting_model,Dreher Doyle 2018,Outter Clusters,"[0.5130813165449434, 0.5129492474251063, 0.5131398508460439, 0.5133739880504457, 0.5133739880504457, 0.5133739880504457, 0.5131398508460439, 0.5133154537493452, 0.5129057136416421, 0.5131398508460439]","[0.47552983420885564, 0.43474057299894087, 0.469832994868282, 0.4727038485982302, 0.4489730426106469, 0.46397457606385006, 0.45867471024982914, 0.455475420509059, 0.4576391407985861, 0.45894319153750773]","[0.5559690028334414, 0.5558817505291186, 0.5560182972622381, 0.556215441327053, 0.556215441327053, 0.556215441327053, 0.5560182972622381, 0.5561661603577158, 0.5558210993513144, 0.5560182972622381]","[0.1322303022216292, 0.13197224446223646, 0.13223912463303977, 0.1322744260544581, 0.1322744260544581, 0.1322744260544581, 0.13223912463303977, 0.1322655989322656, 0.13220384204909286, 0.13223912463303977]","[0.36218336338682244, 0.33784141582681204, 0.3580049587972354, 0.36035248309172496, 0.3506740103499882, 0.353873026761014, 0.35528575185668937, 0.3543068960513439, 0.3520168975386895, 0.35273309666593067]","[0.3924148233820057, 0.3923477255204318, 0.39244410177332306, 0.392561187126614, 0.392561187126614, 0.392561187126614, 0.39244410177332306, 0.39253192001927245, 0.3923269712743397, 0.39244410177332306]","[0.953289627721845, 0.9531725591196442, 0.9534066963240458, 0.9538749707328494, 0.9538749707328494, 0.9538749707328494, 0.9534066963240458, 0.9537579021306486, 0.9529384219152424, 0.9534066963240458]",0.5131793248050506,0.00016561741927406635,0.45964873324437877,0.011412124402878435,0.5560539228839463,0.00013628314634142748,0.13222126397277179,8.590526699274586e-05,0.353727190032625,0.0063409792163880065,0.39246373068958607,8.297662367341195e-05,0.9535003512058067,0.00031325422992880614
14,lr_model,Dreher Doyle 2018,Outter Clusters,"[0.5032710081410156, 0.5032710081410156, 0.5032710081410156, 0.5032710081410156, 0.5032710081410156, 0.5032710081410156, 0.5032710081410156, 0.5032710081410156, 0.5032710081410156, 0.5032710081410156]","[0.503057144233046, 0.5030572131019936, 0.5030568816701835, 0.5030572001890659, 0.503057337926961, 0.5030594556470979, 0.5030594039953872, 0.5030568472357098, 0.5030566535417949, 0.5030568386270913]","[0.5548095459682245, 0.5548095459682245, 0.5548095459682245, 0.5548095459682245, 0.5548095459682245, 0.5548095459682245, 0.5548095459682245, 0.5548095459682245, 0.5548095459682245, 0.5548095459682245]","[0.056494787264018034, 0.056494787264018034, 0.056494787264018034, 0.056494787264018034, 0.056494787264018034, 0.056494787264018034, 0.056494787264018034, 0.056494787264018034, 0.056494787264018034, 0.056494787264018034]","[0.39425004991868695, 0.39425008101216963, 0.3942497224357454, 0.3942500411163983, 0.3942501879796108, 0.39425438010384073, 0.39425428736861423, 0.3942496728478194, 0.39424939064596076, 0.39424963361378107]","[0.38739324173783884, 0.38739324173783884, 0.38739324173783884, 0.38739324173783884, 0.38739324173783884, 0.38739324173783884, 0.38739324173783884, 0.38739324173783884, 0.38739324173783884, 0.38739324173783884]","[0.9770545539686256, 0.9770545539686256, 0.9770545539686256, 0.9770545539686256, 0.9770545539686256, 0.9770545539686256, 0.9770545539686256, 0.9770545539686256, 0.9770545539686256, 0.9770545539686256]",0.5032710081410156,0.0,0.503057497616833,9.867659634810477e-07,0.5548095459682244,1.1102230246251565e-16,0.056494787264018034,0.0,0.3942507447042627,1.8098811649128977e-06,0.38739324173783884,0.0,0.9770545539686257,1.1102230246251565e-16
15,mlp_model,Dreher Doyle 2018,Outter Clusters,"[0.5017615041143428, 0.5017615041143428, 0.5017615041143428, 0.5017615041143428, 0.5017615041143428, 0.5017615041143428, 0.5017615041143428, 0.5017615041143428, 0.5017615041143428, 0.5017615041143428]","[0.4705396548346888, 0.4705396548346888, 0.4705396548346888, 0.4705396548346888, 0.4705396548346888, 0.4705396548346888, 0.4705396548346888, 0.4705396548346888, 0.4705396548346888, 0.4705396548346888]","[0.5546507778881166, 0.5546507778881166, 0.5546507778881166, 0.5546507778881166, 0.5546507778881166, 0.5546507778881166, 0.5546507778881166, 0.5546507778881166, 0.5546507778881166, 0.5546507778881166]","[0.043916998294485504, 0.043916998294485504, 0.043916998294485504, 0.043916998294485504, 0.043916998294485504, 0.043916998294485504, 0.043916998294485504, 0.043916998294485504, 0.043916998294485504, 0.043916998294485504]","[0.35718287324287457, 0.35718287324287457, 0.35718287324287457, 0.35718287324287457, 0.35718287324287457, 0.35718287324287457, 0.35718287324287457, 0.35718287324287457, 0.35718287324287457, 0.35718287324287457]","[0.38665312903821303, 0.38665312903821303, 0.38665312903821303, 0.38665312903821303, 0.38665312903821303, 0.38665312903821303, 0.38665312903821303, 0.38665312903821303, 0.38665312903821303, 0.38665312903821303]","[0.9808007492390541, 0.9808007492390541, 0.9808007492390541, 0.9808007492390541, 0.9808007492390541, 0.9808007492390541, 0.9808007492390541, 0.9808007492390541, 0.9808007492390541, 0.9808007492390541]",0.501761504114343,1.1102230246251565e-16,0.47053965483468885,5.551115123125783e-17,0.5546507778881165,1.1102230246251565e-16,0.0439169982944855,6.938893903907228e-18,0.3571828732428745,5.551115123125783e-17,0.38665312903821303,0.0,0.980800749239054,1.1102230246251565e-16
16,knn_model,Dreher Doyle 2018,Outter Clusters,"[0.4941104352140427, 0.5137087858302967, 0.5149870451483642, 0.4895977457747222, 0.4878600789248469, 0.5103066038657621, 0.49564434897830933, 0.501653948035521, 0.5122411885582026, 0.506551059635705]","[0.5102023750179683, 0.5056343235534435, 0.4918172886505403, 0.4885566581990574, 0.4923120044308903, 0.49375255342383784, 0.4769642882999458, 0.488954135329789, 0.5009211824336871, 0.5189207920844925]","[0.5332907438955139, 0.537988288488622, 0.5238602723505033, 0.5308013296555626, 0.5226719028398967, 0.5409414914788147, 0.5216220260362112, 0.5378307066961421, 0.5056061814975014, 0.5285477553479965]","[0.183534086675773, 0.2794219653179191, 0.36332928695835753, 0.17095726068482878, 0.2177462606519278, 0.2377891258636227, 0.2713390313390313, 0.20165065287016506, 0.42483755923591776, 0.2939650310208686]","[0.4863077109127412, 0.48248669188068816, 0.5260591249044407, 0.4643878329944064, 0.487213974481436, 0.4788948924568929, 0.46252481287156777, 0.4789518503794018, 0.45489715309734824, 0.5023172050014701]","[0.38265254150962613, 0.3936008676789588, 0.39516465193830763, 0.38026955816781516, 0.37908117516746664, 0.3914637339617701, 0.3832875206157229, 0.3866899097621001, 0.3942112500818545, 0.3896168795113826]","[0.8795364083352845, 0.8496839147740576, 0.7768672442051042, 0.8785998595176774, 0.8413720440177944, 0.8750878014516507, 0.8162022945446031, 0.8829313977991102, 0.7047529852493561, 0.8214703816436432]",0.5026661239965773,0.00975924234997665,0.49680356014236515,0.01158103869043348,0.5283160698286764,0.009933372939244683,0.2644570260618412,0.07666036421796929,0.4824041248980393,0.019599258834927993,0.38760380883950046,0.005710936347819525,0.8326504331538281,0.05373082192094409
17,gaussianNB_model,Dreher Doyle 2018,Outter Clusters,"[0.4983705090494744, 0.4983705090494744, 0.4983705090494744, 0.4983705090494744, 0.4983705090494744, 0.4983705090494744, 0.4983705090494744, 0.4983705090494744, 0.4983705090494744, 0.4983705090494744]","[0.49596675895622155, 0.49596677617345836, 0.49596677617345836, 0.4959666556528002, 0.49596677617345836, 0.4959667761734584, 0.495966573870925, 0.49596675895622155, 0.4959666255226357, 0.49596669439158325]","[0.5262222222222223, 0.5262222222222223, 0.5262222222222223, 0.5262222222222223, 0.5262222222222223, 0.5262222222222223, 0.5262222222222223, 0.5262222222222223, 0.5262222222222223, 0.5262222222222223]","[0.2598078926050226, 0.2598078926050226, 0.2598078926050226, 0.2598078926050226, 0.2598078926050226, 0.2598078926050226, 0.2598078926050226, 0.2598078926050226, 0.2598078926050226, 0.2598078926050226]","[0.5919379226617866, 0.5919379359706876, 0.5919379359706876, 0.5919378954117211, 0.5919379359706876, 0.591937934876507, 0.5919378790337533, 0.5919379226617866, 0.5919378904895254, 0.5919379055378906]","[0.38487376747209884, 0.38487376747209884, 0.38487376747209884, 0.38487376747209884, 0.38487376747209884, 0.38487376747209884, 0.38487376747209884, 0.38487376747209884, 0.38487376747209884, 0.38487376747209884]","[0.8316553500351206, 0.8316553500351206, 0.8316553500351206, 0.8316553500351206, 0.8316553500351206, 0.8316553500351206, 0.8316553500351206, 0.8316553500351206, 0.8316553500351206, 0.8316553500351206]",0.4983705090494744,0.0,0.4959667172044221,7.117224430109144e-08,0.5262222222222224,1.1102230246251565e-16,0.2598078926050226,0.0,0.5919379158585033,2.0474342139730097e-08,0.3848737674720989,5.551115123125783e-17,0.8316553500351207,1.1102230246251565e-16
18,rf_model,HiTEA 2024,Outter Clusters,"[0.5010758187172519, 0.5, 0.5025151705518325, 0.500559647150869, 0.5, 0.5, 0.5, 0.5, 0.5, 0.5009695241580979]","[0.5873439115671578, 0.5542692891955082, 0.5884675213536144, 0.572265176765875, 0.5702531832365936, 0.577792535340214, 0.5740054132771355, 0.571882013262129, 0.5732842452649417, 0.5713362731540991]","[0.007051282051282051, 0.0, 0.018117872748587872, 0.0033730604902181245, 0.0, 0.0, 0.0, 0.0, 0.0, 0.005203252032520325]","[0.6675252200042928, 0.6530117351578401, 0.6644327080677471, 0.6638094515664114, 0.6572095986409004, 0.6798358329178015, 0.6498985085164594, 0.7084078711985689, 0.6492197515582865, 0.6607017414130957]","[0.5608381107536968, 0.5454818883926229, 0.5677875568960652, 0.552265777876285, 0.5506357849906762, 0.5372563955947027, 0.5559585377611889, 0.4970054682825873, 0.557032173360821, 0.5513007991155653]","[0.717391304347826, 0.0, 0.6910569105691057, 0.75, 0.0, 0.0, 0.0, 0.0, 0.0, 0.8]","[0.0035430534678977882, 0.0, 0.0091792656587473, 0.0016903313049357674, 0.0, 0.0, 0.0, 0.0, 0.0, 0.0026101141924959217]",0.5005120160578052,0.0007819876219802374,0.5740899562417268,0.009056016740931537,0.003374546732260837,0.005500487285715966,0.6654052419041403,0.016765363497932662,0.5475562493024212,0.018594519388009233,0.2958448214916932,0.36324486963543945,0.0017022764624076779,0.0027839649851225242
19,gradient_boosting_model,HiTEA 2024,Outter Clusters,"[0.5135434611869714, 0.510617833884659, 0.5113612122952863, 0.5103751387502802, 0.5109316106231616, 0.5040386035013613, 0.512984293150704, 0.49517241260595046, 0.5092342959843018, 0.511025349613827]","[0.5537325819320557, 0.5495370751971018, 0.5562520972773537, 0.5522456966435225, 0.5547133334732958, 0.5319507287669076, 0.5557180679360838, 0.5138303091167339, 0.5542030564453576, 0.5592832208777997]","[0.1788367457872803, 0.18097837497375605, 0.18084624445048472, 0.18743563336766222, 0.17631661606114543, 0.1672167216721672, 0.17553648068669528, 0.17037172011661805, 0.18243314660183915, 0.18350628072091754]","[0.6550464302024661, 0.6384615384615385, 0.6495872253013449, 0.6468936897351398, 0.6434624971674597, 0.6589950448421311, 0.6388418875728521, 0.6749250321290874, 0.6333254325669591, 0.6452582456695405]","[0.5474409926360625, 0.5589350736299501, 0.5509178902140538, 0.5461083982231886, 0.5573108985322277, 0.5123637335174542, 0.566607244280981, 0.46333801693805027, 0.564118907016723, 0.5560245347473802]","[0.5725058004640371, 0.5697290152015863, 0.5616207090602139, 0.5539568345323741, 0.5689189189189189, 0.5060532687651331, 0.5901875901875901, 0.4300827966881325, 0.5655307994757536, 0.5628140703517588]","[0.10596950826712476, 0.10757519031573692, 0.10777537796976241, 0.11280144241604688, 0.10432412340478256, 0.10015574457889062, 0.1031005797832115, 0.10622585775960008, 0.10875866414618778, 0.10962479608482871]",0.5089284211596503,0.005198613241543075,0.5481466167666211,0.013478525380296504,0.1783477964438566,0.0058209783747440085,0.6484797023648519,0.011468412957605634,0.5423165689736071,0.030006159767826193,0.5481399803645498,0.044386564013605745,0.10663112847261721,0.003377594059387716
20,lr_model,HiTEA 2024,Outter Clusters,"[0.5740702712327004, 0.5748939885815523, 0.5727370509998899, 0.5742234076934964, 0.5748379298261982, 0.563031225945847, 0.5761783594338244, 0.5665161040075832, 0.5758303391276373, 0.5735065697738525]","[0.58499964755513, 0.5844077313357836, 0.5834755355175909, 0.5843750543752837, 0.5833429937839865, 0.56522365608824, 0.5863284508931439, 0.5651047225263313, 0.5862993453980279, 0.5852386124517934]","[0.5139815211405494, 0.5310145743856931, 0.5147746860379218, 0.5201633486472691, 0.5305441656821183, 0.5172703208728776, 0.5327716692845923, 0.4996973731993704, 0.532809710817565, 0.5164383561643836]","[0.6212388536550474, 0.6059279417854819, 0.6172671651937458, 0.6160914845823975, 0.6078829744006501, 0.6049976226953352, 0.6055455093429777, 0.6320662334193892, 0.6046764545948886, 0.6157728082327331]","[0.5646449331581733, 0.5777740330915362, 0.5665460882277746, 0.5673978779751092, 0.573760877346464, 0.5367782582483734, 0.5828732918014441, 0.5065423745736001, 0.5834480679278504, 0.572254140062728]","[0.597524541186513, 0.6092084006462035, 0.5986540664375716, 0.5995881141512209, 0.6041468819246597, 0.5609073088770653, 0.6144598155467721, 0.5347150259067357, 0.614662273476112, 0.6040786598689002]","[0.45093407773244576, 0.4706102583302134, 0.45151187904967605, 0.4593193599278792, 0.47292776607607484, 0.47993291002755484, 0.4702546004537434, 0.46898432174505794, 0.47019533711405165, 0.45100598151169113]",0.572582524662258,0.004095368553336718,0.5808795749925311,0.007914972134356926,0.5209465726232341,0.010230495078846324,0.6131467047902646,0.008554098576549235,0.5632019942413053,0.02267605768735563,0.5937945088021754,0.024405100865581293,0.4645676491968388,0.009968981782121102
21,mlp_model,HiTEA 2024,Outter Clusters,"[0.5280469180770341, 0.5278576077137251, 0.5254344591836518, 0.5229293428644647, 0.5279182139601895, 0.5214465811613977, 0.5242626327714235, 0.5172776962995096, 0.5240003446221989, 0.5231439758640095]","[0.5501672866302549, 0.5515015470550011, 0.5477226898821563, 0.5454298417013871, 0.5515560035421065, 0.5429935866587057, 0.5488229927044779, 0.5347488716088655, 0.5483645333986193, 0.545602015849294]","[0.6168362466301417, 0.6290463243215514, 0.618562114383232, 0.618792068400946, 0.6262718299164769, 0.6050070854983467, 0.6299751243781095, 0.5779542349726776, 0.6303727899621507, 0.6207657995848608]","[0.3844649343392009, 0.377335744424352, 0.3766893099749732, 0.3684448462929476, 0.37753983643874883, 0.36881038647342995, 0.3681415929203539, 0.3648162426111539, 0.36737953678232316, 0.3699464377430479]","[0.6632914990223098, 0.6776564848185924, 0.6652861651044564, 0.6668697475398113, 0.6746695422064991, 0.6518308147547955, 0.6794036411418571, 0.624491280270193, 0.6796363206313002, 0.6676334247923881]","[0.5183425898859982, 0.5340592334494774, 0.519973515780181, 0.5187585786182706, 0.5294419719274222, 0.4994151134679872, 0.5349410315085372, 0.46293256736424565, 0.5355003523608175, 0.5226055919095777]","[0.7615417650848185, 0.7651316610507924, 0.7632829373650108, 0.7666215911652017, 0.7664477759881055, 0.7672217563196359, 0.7660700781446937, 0.7690297659622813, 0.7660995589161941, 0.7643284393692225]",0.5242317772517604,0.0031904376652723393,0.5466909369030868,0.004757797649454223,0.6173583618048493,0.01505072565964786,0.37235688680005313,0.005917116836807756,0.6650768920282204,0.01582128266797687,0.5175970546272515,0.020938180740904797,0.7655775329365957,0.0020073739891949775
22,knn_model,HiTEA 2024,Outter Clusters,"[0.5058231890613799, 0.5039732185861105, 0.5058288039216935, 0.503214679643222, 0.5043373301576273, 0.5052136702983816, 0.5042563944503041, 0.4916602402117058, 0.5041917935809138, 0.5059932678116629]","[0.45675353779609823, 0.4523311505408486, 0.4587386870825637, 0.4545490002000495, 0.45459275119177445, 0.4474914424027736, 0.4565296008063263, 0.42879456557376977, 0.4561249859589623, 0.4608410436880671]","[0.11223604281168642, 0.09331046312178388, 0.11099232189717174, 0.08872802481902793, 0.09269567193002386, 0.09368501696399256, 0.09424809424809426, 0.105087080586441, 0.09423720983947338, 0.1121550205519671]","[0.6582785881304978, 0.6454094181834444, 0.6554672492372594, 0.6556467370066432, 0.649892605093587, 0.6724417546774257, 0.6425380618105571, 0.6844752818733738, 0.6418230807873225, 0.6518001074691026]","[0.47301561684677673, 0.4765783378686986, 0.47782393497840897, 0.4690151952806865, 0.47429250764459013, 0.44598794678298237, 0.48305277359656645, 0.3958732030160702, 0.48340105456822113, 0.4834130615021353]","[0.5506149479659413, 0.5573770491803278, 0.5549076773566569, 0.5389447236180904, 0.5573770491803278, 0.5417721518987342, 0.56353591160221, 0.3923585598824394, 0.56353591160221, 0.5601173020527859]","[0.06248657934292463, 0.05091725945338824, 0.06166306695464363, 0.04834347532116295, 0.0505513567092058, 0.051275907511680846, 0.05142425006301991, 0.06066802999318337, 0.05141776937618148, 0.06231647634584013]",0.5034492587723001,0.004027218975516633,0.4526746765241233,0.008667754536988322,0.09973749467696622,0.008802382774472926,0.6557772884269213,0.012789003727364075,0.4662453632085136,0.025677303270085165,0.5380541284339723,0.04920956061759227,0.05510641710712309,0.0055339427412215226
23,gaussianNB_model,HiTEA 2024,Outter Clusters,"[0.5315918618997121, 0.5252562315017937, 0.5282755198123292, 0.528997354259568, 0.5276156693038055, 0.5165337309912623, 0.5250421661762227, 0.5174280294423443, 0.524230621930655, 0.5267742634498563]","[0.5315918618997121, 0.5252562315017937, 0.5282755198123292, 0.528997354259568, 0.5276156693038055, 0.5165337309912623, 0.5250421661762227, 0.5174280294423443, 0.524230621930655, 0.5267742634498565]","[0.5988990825688073, 0.6146444620671424, 0.6003963316281855, 0.6046023107037143, 0.6120951682213605, 0.588694718344235, 0.6178105623262775, 0.5623097582811102, 0.6178766171281941, 0.6031701761725468]","[0.4363800438313781, 0.40209990976950205, 0.42724090098421297, 0.42140561687858036, 0.4094463060475506, 0.3952052828021821, 0.39855316285329745, 0.41266218164344065, 0.3967932489451477, 0.4215732773223118]","[0.6865166449805566, 0.7000514382377607, 0.6881082219692183, 0.6911253920361453, 0.6975440140819709, 0.676900057989823, 0.7028180719324522, 0.653431490079182, 0.7029718033721621, 0.6907854447089483]","[0.5228255646323883, 0.5332049165290772, 0.5236755366186993, 0.524519549370444, 0.530378712196894, 0.49674602520800726, 0.5363838871356971, 0.4639533165903383, 0.5365332838176585, 0.5267088813119013]","[0.7008803951041443, 0.7254461500062399, 0.7034557235421166, 0.7135451881902186, 0.7235782430925536, 0.7224152390080268, 0.7283841693975296, 0.7135878209497841, 0.7282923755513547, 0.7056008700380642]",0.5251745448767549,0.0045773072457014514,0.5251745448767549,0.004577307245701455,0.6020499187441573,0.0159263472213863,0.41213599310776045,0.013437621749721936,0.689025257938822,0.014168533461455282,0.5194929673411105,0.0214247631549343,0.7165186174880034,0.00997769138643564
24,rf_model,AZ ELN 2023,Outter Clusters,"[0.4825091187395816, 0.46871278850818054, 0.48622214793576507, 0.4462152108130565, 0.46401779355958994, 0.48424441344856606, 0.4861443399058205, 0.49397034880239654, 0.5044284091157343, 0.470447484181296]","[0.45753971937901333, 0.46085846745306064, 0.45644706753189984, 0.4423720133072917, 0.4506674410877698, 0.44675032501758155, 0.4681178797545365, 0.4638626521484427, 0.4591887342009005, 0.4660428042156485]","[0.5593406593406594, 0.5241955704137067, 0.5744514398539657, 0.3722014925373135, 0.5520800254048905, 0.5772558284979675, 0.5250942103460089, 0.5912190963341859, 0.621268656716418, 0.508968800476069]","[0.29737171464330414, 0.35159453302961274, 0.24285808974613907, 0.5172551207459951, 0.25996852046169994, 0.22979046654428054, 0.39982682108453294, 0.24279510461902884, 0.053399518652226224, 0.3863153421164471]","[0.4320870539945798, 0.4373445489950981, 0.4250615946075589, 0.4252992843526135, 0.4345333248950223, 0.4238982122721185, 0.4311385050473895, 0.4397331239037156, 0.4260889031002931, 0.42669531984232306]","[0.4444028687246648, 0.43288011595003106, 0.44417559626685105, 0.39185945002182454, 0.4381024381024381, 0.44567841622404636, 0.4400028706760442, 0.45929687068822783, 0.4545774802941565, 0.42742914257157133]","[0.7544732662784542, 0.6643364050418388, 0.8128624143384291, 0.35442163442558233, 0.746217405300998, 0.8190692171169395, 0.6509874708005946, 0.8294627728495964, 0.9809940131141309, 0.6289526210736421]",0.4786912055009987,0.01578309777009062,0.4571847104096145,0.007946979725595263,0.5406075779921184,0.06473825953527679,0.2981175231643266,0.11879826590528506,0.4301879871010712,0.005333476454293938,0.43784052495198555,0.017711963753990055,0.7241777220340206,0.1581257941287698
25,gradient_boosting_model,AZ ELN 2023,Outter Clusters,"[0.49564983758546144, 0.4981624902090556, 0.49153557607004644, 0.5353296815288625, 0.5346685318241211, 0.5386587391615012, 0.5341154394233565, 0.5046157806364919, 0.5340329374304669, 0.5344766162505751]","[0.5064726620761993, 0.5091414427802181, 0.49463669942821875, 0.5212575745987337, 0.5216718634407222, 0.5282983162107865, 0.5198273029501099, 0.5173536931287719, 0.5135635261014919, 0.5109555029304899]","[0.4116058603849468, 0.4123889721997923, 0.4282527071883333, 0.5185530052609526, 0.5132743362831859, 0.5008306459493795, 0.5085959163095539, 0.4294279695349214, 0.5220742817098809, 0.5167366058358545]","[0.5742673040947829, 0.5781715799933753, 0.5538997155351759, 0.54864475579416, 0.5546242363972155, 0.5763105507631056, 0.5568538304160037, 0.5747070902282885, 0.5395003376097233, 0.5468521229868228]","[0.4465945508656297, 0.44777439743557623, 0.435022716008107, 0.4647710921253527, 0.4718242211798145, 0.4683202023425822, 0.45620370685216466, 0.46253405395888014, 0.4528796005623844, 0.44733273735864126]","[0.45, 0.4527035583132835, 0.44253261358524515, 0.4907905173173526, 0.4957017193122751, 0.49641611778380473, 0.4842085053278295, 0.46875, 0.48419855390364774, 0.4824601366742597]","[0.3792482795129698, 0.37866751403453025, 0.41486557722720085, 0.5496446900908014, 0.5321386414851379, 0.5053243936107277, 0.5355701847526014, 0.39619256453702784, 0.5663784091988977, 0.5562559092341632]",0.520124563011994,0.01876327425848132,0.5143178583645742,0.009082011767380667,0.47617403006568015,0.04615508946251562,0.5603831523818654,0.01346358750203488,0.45532572786891323,0.01094688145693116,0.4747761722217699,0.01891147621896378,0.48142861636840595,0.07499289041128765
26,lr_model,AZ ELN 2023,Outter Clusters,"[0.4245908675861205, 0.4232136122630861, 0.4244301014438716, 0.42930489060606575, 0.4275979744890899, 0.42837755976762476, 0.42369371824827007, 0.42943238780843007, 0.43386317090165955, 0.42407938250580446]","[0.395338406036581, 0.39264102070796447, 0.39454895314259264, 0.39964218563817755, 0.3993362390301404, 0.39797143264256274, 0.3935576378027134, 0.3999588422284797, 0.40565330998972704, 0.3943083967166632]","[0.4124146736728379, 0.4111645246737957, 0.4113357962278826, 0.42334179050380577, 0.41377566501466573, 0.42219715768102867, 0.4078934482420919, 0.425403879090867, 0.4257404275616843, 0.41024900062611375]","[0.432857752287055, 0.43119787717968155, 0.4329993445079128, 0.4296980016130478, 0.43907867995741795, 0.4285905501271584, 0.4351644245142003, 0.42920862647721525, 0.435675629607534, 0.43276045768286464]","[0.38477184239883633, 0.38297563581647664, 0.38137138592548414, 0.3879611948322858, 0.39156097891092684, 0.3854825970857326, 0.3787776416473989, 0.3940153794496254, 0.38726512236330835, 0.37865911056854407]","[0.38459424803077485, 0.3829145728643216, 0.3816181113015243, 0.39128978224455613, 0.3912960306073649, 0.38917075605090246, 0.37849872773536897, 0.39714779602420053, 0.3915297495613336, 0.3787797936677339]","[0.44457384859714133, 0.44391483952971084, 0.44607274644175016, 0.46111330438215553, 0.4389956003863075, 0.46134884638138435, 0.44223826714801445, 0.45798863749626234, 0.4665019481136558, 0.4474209475785272]",0.42685836656200227,0.0032648633251206177,0.39729564239356024,0.003781628318479659,0.41635163632947736,0.006603847861230289,0.43272313439540877,0.0030995765583313414,0.3852840888998619,0.004836221340604564,0.3866839568088082,0.005961160628698157,0.4510168986054909,0.00920859423557968
27,mlp_model,AZ ELN 2023,Outter Clusters,"[0.43812255876840317, 0.43602612976197463, 0.4359577702919886, 0.4405326888094642, 0.4449116913944963, 0.4395983837769094, 0.43458557416244925, 0.43784165834604594, 0.44306840612096005, 0.43516141596083924]","[0.3707490114280072, 0.367785098169561, 0.3694563670126497, 0.37946046203215456, 0.37575803316779965, 0.37817281261231694, 0.36780747811763537, 0.37780172535939766, 0.38407630504699947, 0.368725053955954]","[0.2162504396763982, 0.21624649859943978, 0.21735210486164086, 0.23374284427863898, 0.21141308329060143, 0.23310053181264817, 0.21326252533016563, 0.2336545975514457, 0.2365856667077834, 0.21714914391803616]","[0.5910809322811525, 0.5886806321205439, 0.58980044345898, 0.5869708421454078, 0.5981559595356303, 0.5868627247937592, 0.5908644936225881, 0.5796242051868258, 0.5916738140793032, 0.5905707196029777]","[0.427868952635972, 0.42585913803670883, 0.4252923075458753, 0.4378578993489917, 0.4320732594994252, 0.4359363650665742, 0.42129460015595394, 0.44172881880534187, 0.43723145725633017, 0.42268129549692646]","[0.32222222222222224, 0.3190741888820004, 0.31759221726793674, 0.3355493998153278, 0.3331024930747922, 0.3328453796889296, 0.31187410586552217, 0.3370279917339846, 0.3370233702337023, 0.31429140127388533]","[0.16273160402329276, 0.16354199766973837, 0.16520822351080652, 0.17933280694828266, 0.15484494044425368, 0.17935318477617826, 0.16203015502229773, 0.17880992724010764, 0.18226741423548418, 0.16587876877823302]",0.4385806277393531,0.0032692674699693483,0.3739792346902475,0.005498284583948889,0.22287574360267987,0.009495991113834135,0.5894284766827169,0.004435677971058232,0.43078240938481,0.0067692010492832804,0.3260602770058303,0.009492902990621789,0.16939990226486745,0.00909264400523545
28,knn_model,AZ ELN 2023,Outter Clusters,"[0.4867163694950103, 0.4786761074645957, 0.4865794193656222, 0.4820218265214349, 0.48054606590670357, 0.481017513764412, 0.4822243092841138, 0.48561638022116776, 0.4826299883788407, 0.4806130838781203]","[0.44854595772038425, 0.4436481958238347, 0.4484677025341683, 0.4461986794621042, 0.4525038529018333, 0.44308036712631405, 0.44497933140082724, 0.44927941623599, 0.4480678488521781, 0.44793677644890834]","[0.5991071742416254, 0.5907402822480812, 0.5962810780695034, 0.594432152174631, 0.5969328703703703, 0.5924023964711305, 0.5900845584365461, 0.6034720123568718, 0.589903861408129, 0.5878922521521799]","[0.12343401736991774, 0.1245365816751154, 0.12246442627914017, 0.1295626904812531, 0.1288305190744215, 0.1280281690140845, 0.12349013429364546, 0.12970742132802715, 0.1389647591766038, 0.12332004135282824]","[0.5085372252173059, 0.5069950733820098, 0.5059996587488306, 0.5044158508442034, 0.5140188987982341, 0.5013326086163257, 0.5044941535233389, 0.5114509695815765, 0.5010891530181734, 0.5033344368637922]","[0.4484319090717744, 0.44344732370433304, 0.4451723600062393, 0.446672291428855, 0.4502155054831142, 0.4446530934967385, 0.4406539852224493, 0.45503342110593475, 0.44279317900352483, 0.43900668774949453]","[0.9022763366860773, 0.8845461285880732, 0.9026884554559831, 0.8882747729964469, 0.8855027363451015, 0.8872017353579176, 0.8928647271182841, 0.8956443735672281, 0.8833982704551934, 0.8895892425674966]",0.48266410642800206,0.002614990119348124,0.44727081285065423,0.0026951819181910775,0.5941248637929069,0.004606841141787789,0.1272338760045037,0.004755326177173577,0.5061668028593791,0.003986835182591579,0.4456079756272458,0.004483166317037824,0.8911986779137802,0.006647789203477781
29,gaussianNB_model,AZ ELN 2023,Outter Clusters,"[0.5007249957956812, 0.5007159786188039, 0.5006653637964951, 0.4969257864496693, 0.5008309673756686, 0.4969762987054153, 0.50063267263919, 0.49682840133828765, 0.49695854610182116, 0.5006127794261566]","[0.5007249957956812, 0.5007159786188039, 0.5006653637964951, 0.4969257864496693, 0.5008309673756687, 0.49697629870541526, 0.50063267263919, 0.49682840133828765, 0.49695854610182116, 0.5006127794261566]","[0.6248958506915515, 0.6244003198294242, 0.6218626155878468, 0.6207264287058528, 0.6298477986993087, 0.619419782418407, 0.6198322448032357, 0.6265668969045791, 0.6153382006878658, 0.6191193814703184]","[0.01745962461807071, 0.017430712916158272, 0.017167381974248924, 0.033258714422769425, 0.018065215427693973, 0.03304209690230341, 0.017142367360932543, 0.03311806590495115, 0.04722761918995666, 0.016911889058007782]","[0.7259739551002129, 0.7257077441582128, 0.7243559450018235, 0.7211146868477601, 0.7286235707122188, 0.720432487683188, 0.723264455120093, 0.7243199075395731, 0.7169327666523949, 0.7228986732165628]","[0.45598249027237353, 0.45545565006075334, 0.45275306564077905, 0.4549425287356322, 0.46129675810473814, 0.45349263022979036, 0.45061460592913954, 0.46127407128395875, 0.450780179463378, 0.4498452749345394]","[0.9925886712546321, 0.9925855311937295, 0.992619926199262, 0.9766087643110936, 0.9924884644275137, 0.9768290278051667, 0.992567424081546, 0.9764776238413236, 0.9691152713104628, 0.9926462863746192]",0.49918717902471893,0.0018504997249395943,0.49918717902471893,0.0018504997249396108,0.622200951979839,0.004023223063158881,0.025082368777509283,0.010215362590720015,0.7233624192032039,0.003116185973158398,0.4546437254655082,0.003871054887020089,0.9854526990799348,0.008972647054102077
30,rf_model,Roche 2023,Outter Clusters,"[0.5928012543430521, 0.594650267246166, 0.5902636779782149, 0.5928177981666354, 0.5890490168246855, 0.6046997016289063, 0.5935633201716586, 0.595085073164055, 0.5951041279913593, 0.5895028834153633]","[0.5843108448555445, 0.5959337727749094, 0.5823911259595539, 0.5902976750122627, 0.5856285078484449, 0.5930718888349569, 0.5836938888757486, 0.5844112974565217, 0.5881442742891498, 0.5793185871566994]","[0.4453585630056219, 0.44427449071820896, 0.43541102077687444, 0.4313034397232557, 0.43699521120720464, 0.45320768394345773, 0.4441190824792582, 0.4450498243601692, 0.45102789506471935, 0.44049416609471514]","[0.7085104849751388, 0.7106396843210369, 0.7096036312948997, 0.7235460227813562, 0.7005056841945173, 0.7153692313497604, 0.7097877916499836, 0.7040562755667699, 0.7080649317186292, 0.7062554050158547]","[0.5554756315664697, 0.5649299773906318, 0.5531721661389405, 0.5504994077799038, 0.5640318953006934, 0.580431478603193, 0.5623982862515798, 0.5686834727204444, 0.5632897480494043, 0.5465172012706445]","[0.6427864634870374, 0.6533742331288344, 0.6446502057613168, 0.6420520792848815, 0.6518123667377399, 0.6935877523851786, 0.6480162767039674, 0.6679578222509146, 0.6470705064548163, 0.6356973058637084]","[0.3407112136788, 0.3365637838407247, 0.32871681880180464, 0.32471744471744474, 0.32867433609289326, 0.3365633074935401, 0.33782350445481546, 0.3336916792087723, 0.34615384615384615, 0.33700903171602603]",0.5937537120930096,0.004223956005053744,0.5867201863063791,0.00484841539112401,0.4427241377373486,0.006459589787972865,0.7096339142867947,0.0059753623836674135,0.5609429265071906,0.009382048430093498,0.6527005012058396,0.015890335408594025,0.33506249661586673,0.0060068291116649585
31,gradient_boosting_model,Roche 2023,Outter Clusters,"[0.5747909319324331, 0.572857909934642, 0.568706251458371, 0.5739040626249928, 0.5649373404774265, 0.5879447608986348, 0.5662916192999132, 0.5734670774401669, 0.572918633648902, 0.5687450610890578]","[0.5868165571602625, 0.58130715091819, 0.5782974867789819, 0.581672119663663, 0.5780582792522346, 0.598387575683311, 0.5797884831157543, 0.5864500541678572, 0.5864092257939273, 0.5798579028322797]","[0.45948833993337107, 0.45366475462077754, 0.4472632713896112, 0.44116942247783364, 0.4545513026696687, 0.46199621314579387, 0.4411707695289785, 0.4428803465078506, 0.44588404659076036, 0.44033266713944946]","[0.6746623283265861, 0.674266605867153, 0.6724053678156598, 0.6905725469382339, 0.6573726108215138, 0.688097851654383, 0.671627624435248, 0.6750098697196999, 0.6784140969162996, 0.6762149863861848]","[0.5694321169692742, 0.5652420953190462, 0.561309100443921, 0.5482353541041223, 0.5633670105703805, 0.5969093256552888, 0.5548425228924458, 0.577371245800603, 0.5591644219519287, 0.5588084059914117]","[0.5732434127979925, 0.5743101500726158, 0.5654265554842848, 0.564983888292159, 0.5658231902626522, 0.6210909090909091, 0.5643908083980823, 0.597734746072342, 0.5804088586030665, 0.5702120554349641]","[0.3834050141613343, 0.3749078268197619, 0.3699506872311405, 0.36186732186732185, 0.37985162885711216, 0.367786391042205, 0.3621128553245651, 0.35175231133089657, 0.3619847003824904, 0.35864314219701743]",0.572456364880454,0.006092699373640179,0.5837044835366461,0.005841713547937812,0.44884011340040947,0.007610132024066215,0.6758643888880963,0.008655636159021648,0.5654681599698422,0.012890578786736842,0.5777624574509067,0.017347658750468658,0.3672261879213845,0.009398653176972903
32,lr_model,Roche 2023,Outter Clusters,"[0.49354954126911255, 0.494197832725618, 0.49300047641994943, 0.48439905474789197, 0.5045169669734646, 0.4965906224868065, 0.49384519239155666, 0.4999688668063479, 0.49379060033152533, 0.4939739759850703]","[0.47884141185040274, 0.47833619321493737, 0.47803270359435346, 0.4686872438458062, 0.49447111012766065, 0.48376838349013285, 0.4796050832349041, 0.48768950425496316, 0.4798356760585154, 0.47885214931966036]","[0.4164769888413923, 0.41778870327951284, 0.4158668515950069, 0.41315763400376504, 0.42095305663947025, 0.4187944502739886, 0.4141944962423009, 0.4197080291970802, 0.41467286540424086, 0.41622162883845126]","[0.5679286389608255, 0.5677189198158212, 0.5675087286917232, 0.5555305417979889, 0.5810591154076483, 0.5691815746262208, 0.5701728927401635, 0.5735790293277965, 0.5694027360694027, 0.5689641008789946]","[0.42456015073090086, 0.42573090414112585, 0.4236633855063232, 0.4038471993065619, 0.45168236687192365, 0.4380909445440165, 0.42591464882569813, 0.4440266307292364, 0.4273605611738275, 0.42425520299672864]","[0.44233490566037736, 0.44480133238163216, 0.4412526489286555, 0.4165418040155829, 0.46762117430710626, 0.45664886854818204, 0.44322167130245493, 0.4638303408795212, 0.4445660102115244, 0.4425124201561391]","[0.39347529633903283, 0.39386916675445066, 0.3932431014583989, 0.4098280098280098, 0.38275454252230945, 0.3867355727820844, 0.38873568095036065, 0.3832509137819824, 0.3885465363365916, 0.39287964713295526]",0.4947833130137343,0.004902012201228311,0.4808119458991337,0.006431247670361239,0.416783470431521,0.0023779601319394755,0.5691046278316585,0.005952240009162086,0.42891319948263423,0.01244637161493323,0.44633311763911754,0.013508575001459943,0.3913318467886176,0.00730537055141111
33,mlp_model,Roche 2023,Outter Clusters,"[0.5543773982005277, 0.5529123475956448, 0.5537807656523598, 0.5453127168243447, 0.568097805135941, 0.5584455793966908, 0.5542692720475298, 0.5558877523926061, 0.5544588732802522, 0.5543151759707272]","[0.5276821343814665, 0.5264043842996298, 0.5269732530504769, 0.5180305837811123, 0.5430985647819959, 0.5326421952006827, 0.5280172236972234, 0.5303976163303005, 0.5283622226030572, 0.527640188915729]","[0.4870299394545353, 0.48600324076660895, 0.4865164798579514, 0.4783370899073378, 0.4970197698436117, 0.4921806871693506, 0.4851770286295104, 0.4915844457341846, 0.4863029205342993, 0.48679601934730643]","[0.6205366314664914, 0.618441246007715, 0.619927714802037, 0.6124362743273918, 0.6349423908853385, 0.6217796059753193, 0.6218110922138798, 0.6170659206154923, 0.6209805395473149, 0.6206698171358127]","[0.5425724516109947, 0.5424160834727392, 0.5417331867373076, 0.5241404646169515, 0.5645497088716591, 0.5536755528811045, 0.5418877647567912, 0.5548938609900189, 0.543554940080193, 0.5422136620415146]","[0.5175914994096812, 0.5174916706330319, 0.5163113885290307, 0.4877425944841675, 0.5508895866038723, 0.5349424996840642, 0.5187779253713319, 0.5341826437941474, 0.5203488372093024, 0.5171884229178972]","[0.4598762194482325, 0.4581270409775624, 0.45997272059595007, 0.4692874692874693, 0.4527470164498441, 0.455749354005168, 0.4556639796351294, 0.45527843474521607, 0.4564385890352741, 0.45977735769796263]",0.5551857686496623,0.005340778968061856,0.5289248367041675,0.005916615861078906,0.4876947621244696,0.004728112590735699,0.6208591232976792,0.0054064125126755186,0.5451637676059274,0.010163544698835845,0.5215467068636526,0.015589830009098785,0.4582918181877808,0.0043023657037335765
34,knn_model,Roche 2023,Outter Clusters,"[0.49510265967922035, 0.4951110805227282, 0.4947335915065265, 0.4935247373619467, 0.4958737959486106, 0.49769398879799753, 0.49597564301753694, 0.4982026742808382, 0.4952188788522937, 0.4950790676003851]","[0.5078452869933336, 0.5077815991901481, 0.5075449289004582, 0.5079629920961845, 0.5086995112340623, 0.5116463816754783, 0.509311456791912, 0.5117467584530745, 0.5082627333175819, 0.5082005614574803]","[0.5693697815395173, 0.5705398970893173, 0.5688926136147195, 0.5580301563148431, 0.5788971873510249, 0.5786409315680331, 0.5700927357032457, 0.5806968362034441, 0.5711851937894452, 0.5692495424039048]","[0.298926199491031, 0.2994237033324981, 0.2979092995843415, 0.2869099430867091, 0.29894179894179895, 0.30578186596583445, 0.30183232931726905, 0.30827167019027485, 0.2984734275036422, 0.29829792520810033]","[0.5763822411138241, 0.577275644758104, 0.5759584140471883, 0.566637848920117, 0.5858285820998393, 0.5861148664414677, 0.5768526293536937, 0.5877592048839069, 0.5777025992326141, 0.5764595735161]","[0.4472328701485386, 0.4489092996555683, 0.4465909090909091, 0.4304999733205272, 0.4590763026904417, 0.4595262224474284, 0.4483953318745441, 0.4627265764615777, 0.4493451111787999, 0.4468925877140462]","[0.7832791356341131, 0.7825766354155693, 0.7834435001573812, 0.792923832923833, 0.7833566283195356, 0.7811154177433247, 0.7824565125159101, 0.7794022790797678, 0.7836804079898002, 0.7838689350976685]",0.4956516117568084,0.0013156188239971552,0.5089002210109713,0.0014774607419417362,0.5715594875577495,0.006253771093662934,0.29947681626214995,0.0053481190669400075,0.5786971604366855,0.005980850385537784,0.4499195184582382,0.008651061130010709,0.7836103284876904,0.0033667062490915244
35,gaussianNB_model,Roche 2023,Outter Clusters,"[0.492999622726791, 0.49251330007395816, 0.493031275630935, 0.5003726725819749, 0.49791233897672277, 0.4921782279517086, 0.4918254469228734, 0.4908730645447951, 0.4917568098533386, 0.4927982875729119]","[0.49238291764096015, 0.4918765420732072, 0.4924181813693421, 0.4982945427237182, 0.4973543002584185, 0.49179515182663075, 0.4911906153957594, 0.4901957888403315, 0.49110799242963205, 0.4921848605999294]","[0.0478515625, 0.04502556036177743, 0.047860910334049614, 0.0744738262277388, 0.035593045982923566, 0.03499135388058183, 0.03957442577309337, 0.03854692230070635, 0.03983270264887472, 0.04695294923212365]","[0.6962616822429908, 0.6948545580197273, 0.6966264160338603, 0.711926091825308, 0.6933368224788197, 0.6885934679139997, 0.6958657388456815, 0.6844615180818652, 0.6946028126187761, 0.6964702950247672]","[0.40665438762360206, 0.40292825171763835, 0.40645517884930504, 0.4371351402722312, 0.4398428962088289, 0.3991118255093591, 0.39248294648920445, 0.3981667236970727, 0.39369158384752373, 0.40454076565568625]","[0.3465346534653465, 0.33726067746686306, 0.3465346534653465, 0.43902439024390244, 0.4119047619047619, 0.31675874769797424, 0.3163751987281399, 0.31414473684210525, 0.31746031746031744, 0.34236804564907275]","[0.0257001993076681, 0.024123038028020648, 0.025705592277830237, 0.04068796068796069, 0.018600150521449307, 0.018518518518518517, 0.02110733983877811, 0.02053321866265319, 0.021249468763280918, 0.02520478890989288]",0.49362610468360096,0.0028804532265833574,0.49288008931579286,0.0025624805526049074,0.04507032592418694,0.010840810238335125,0.6952999403085796,0.006691708377971187,0.40810096998704515,0.015892807358313995,0.348836618292383,0.040704545575304396,0.024143027551605266,0.0061049679102494975
36,rf_model,JNJ HTE 2024,Outter Clusters,"[0.5, 0.5, 0.5, 0.5, 0.5, 0.5, 0.5, 0.5, 0.5, 0.5]","[0.5945440131850626, 0.6186055582363444, 0.6225099394330111, 0.6142481222120951, 0.6634465923468573, 0.6095583154100986, 0.6135702569497204, 0.6204341409015353, 0.6013069719537407, 0.6062020630277153]","[0.0, 0.0, 0.0, 0.0, 0.0, 0.0, 0.0, 0.0, 0.0, 0.0]","[0.6686317390890939, 0.6702167414050823, 0.6691814409656733, 0.6718922906676503, 0.5969330934635484, 0.671772991312394, 0.6706864564007421, 0.677615276225645, 0.6713764602668884, 0.6692231217156653]","[0.6027810270616224, 0.6288669498051649, 0.6250666833396756, 0.6212346955670455, 0.7060066810305995, 0.6141111021000378, 0.6192730991680333, 0.6230438917797554, 0.6098160737995252, 0.6146931678540408]","[0.0, 0.0, 0.0, 0.0, 0.0, 0.0, 0.0, 0.0, 0.0, 0.0]","[0.0, 0.0, 0.0, 0.0, 0.0, 0.0, 0.0, 0.0, 0.0, 0.0]",0.5,0.0,0.6164425973656181,0.01772219538161445,0.0,0.0,0.6637529611512383,0.022402663100532336,0.62648933715055,0.027485802511872513,0.0,0.0,0.0,0.0
37,gradient_boosting_model,JNJ HTE 2024,Outter Clusters,"[0.5426243505809882, 0.5421987528144994, 0.5424654261028745, 0.5428186869811386, 0.5913041674648095, 0.5477021106870896, 0.5425307307190307, 0.5502298185130265, 0.5426156524307125, 0.5439564818776952]","[0.6005730209756424, 0.6026643170056176, 0.6023375745116011, 0.6028527571106284, 0.6844733355213631, 0.607847272708097, 0.6021767381606373, 0.6085470591649068, 0.6035002016791846, 0.6063847027250624]","[0.35259529602595296, 0.3522829453491857, 0.34908428614793074, 0.3549501529957556, 0.45438335809806835, 0.37356942345065863, 0.356056115392215, 0.368421052631579, 0.3547877591312932, 0.35494949494949496]","[0.6479603087100331, 0.648789208516171, 0.6492557657706777, 0.6500294542922936, 0.6194029850746269, 0.6499758687258687, 0.6483978854245334, 0.6592374703020705, 0.649431452478009, 0.6493135639758374]","[0.5621578517339716, 0.5644258805865955, 0.5675031269643038, 0.5609347724674946, 0.7199909561748122, 0.5640547996709907, 0.5627642786420346, 0.5654294769153526, 0.5639137649798867, 0.5780784119862719]","[0.600898410504492, 0.5978297728043405, 0.6016742239274503, 0.5963515754560531, 0.7550617283950617, 0.6013208202989225, 0.5962938451356717, 0.6052359627971065, 0.5964155326916695, 0.6031582560933745]","[0.24949784791965568, 0.24971671388101982, 0.24586659064994298, 0.2526700393479483, 0.3249734325185972, 0.27094753328112764, 0.25380281690140843, 0.26480783722682744, 0.25249402838274554, 0.2514670101617289]",0.5488446178171864,0.014382147573706027,0.6121356979562742,0.024241303843123087,0.3671079884172135,0.029975477130004924,0.6471793963270122,0.00975445043031572,0.5809253320121714,0.046578465742267504,0.6154240128104143,0.04663956196194609,0.26162438502710017,0.02230516489162103
38,lr_model,JNJ HTE 2024,Outter Clusters,"[0.5030117087207813, 0.5036527482386427, 0.5019698894072366, 0.5028546395660971, 0.4826718711681517, 0.5044263618122805, 0.5023451775660881, 0.49827690420937865, 0.502145288640891, 0.502787768844541]","[0.5092756845933246, 0.5094977555083631, 0.5094843309510618, 0.510038270936878, 0.46903311448967866, 0.5115320404634849, 0.5096083513529309, 0.5059655549432729, 0.5113814511972128, 0.5100984798431949]","[0.46009316770186337, 0.45939319644498927, 0.4589304977654492, 0.45616438356164385, 0.4698677119059285, 0.45737092391304346, 0.45719948166781005, 0.4452423698384201, 0.4551135497637555, 0.4595138566341539]","[0.5402010050251257, 0.5422937208095486, 0.5394201757838122, 0.5437946884576098, 0.4730947163379596, 0.5455838429810836, 0.5417926774338846, 0.5456489774094373, 0.5431893687707641, 0.5404160084254871]","[0.49432297070775666, 0.4926779216343401, 0.493497289576594, 0.4911760789573948, 0.5519573589884109, 0.4918657155092725, 0.49271510457227047, 0.48138220689377453, 0.49289522243739614, 0.494235634350046]","[0.5013536379018613, 0.5003337783711616, 0.4994968131499497, 0.49750996015936255, 0.5544955189361087, 0.4995362641439436, 0.49825552417345076, 0.4854956397935576, 0.4972522897585345, 0.5004215140785703]","[0.42510760401721664, 0.4246458923512748, 0.4244583808437856, 0.4211635750421585, 0.4076514346439957, 0.4217697729052467, 0.4223943661971831, 0.41115297663903544, 0.41955880286637626, 0.42478889365965367]",0.500414235817409,0.006110859517517817,0.5055915034279402,0.012270602833510558,0.45788891391970576,0.005706959754638052,0.5355435181434712,0.02091506913224138,0.4976725503627256,0.018441663522525527,0.5034150940466501,0.017558167464649884,0.4202691699165927,0.005752639467590632
39,mlp_model,JNJ HTE 2024,Outter Clusters,"[0.5592487427835531, 0.5599743644621631, 0.5591781516623623, 0.5603328906476989, 0.5735670031270932, 0.5636280222312827, 0.5596584068727719, 0.5612579406562356, 0.5602029760387348, 0.5594409141595245]","[0.5810528381834712, 0.5823141048371875, 0.5814687422467442, 0.5831714923104008, 0.5857013266049381, 0.5847925998313982, 0.5822115208540315, 0.5828880499452566, 0.5832127155875108, 0.5813053128256866]","[0.5163162849074364, 0.5145563232668271, 0.5165707172864478, 0.5120519159456118, 0.537514282087089, 0.510790114862513, 0.5126895697926339, 0.5051279913282748, 0.5125472936452784, 0.516229956980837]","[0.5958311484006292, 0.5988323603002502, 0.5957059206245934, 0.6017654476670868, 0.5714621809198918, 0.6081137599330825, 0.5997712252160651, 0.6101294094462327, 0.6010238260759655, 0.5964110929853181]","[0.6282853257878449, 0.627305241357187, 0.628038139693965, 0.6258722337817153, 0.6995560615975673, 0.6283099364487308, 0.6263929220521369, 0.6194783910425852, 0.6263258493507582, 0.6279419514363395]","[0.5695742471443406, 0.5693179866002405, 0.5686879068174032, 0.5686341798215512, 0.6674022698612863, 0.5747013902486783, 0.568853021978022, 0.5653228816722657, 0.5689064106959205, 0.5691617799241118]","[0.4721664275466284, 0.46940509915014167, 0.4732041049030787, 0.46571107363687464, 0.4499468650371945, 0.4596711041503524, 0.46661971830985915, 0.4565184626978146, 0.4663481804130954, 0.47230571060541005]",0.561648941264142,0.004164615450474431,0.5828118703226626,0.0014263291267800342,0.5154394450102948,0.00803800923474733,0.5979046371569116,0.009966038029012846,0.633750605254883,0.02207435393587052,0.579056207476382,0.029527071158169077,0.4651896746450449,0.00723160247832001
40,knn_model,JNJ HTE 2024,Outter Clusters,"[0.6044245572198745, 0.6050700673110563, 0.6048057813417937, 0.6056401606135694, 0.6142158902210927, 0.6148982768047337, 0.6047489918765707, 0.6126740768110738, 0.6052447217938566, 0.6046324692741285]","[0.6299911411330537, 0.630601870462348, 0.6302361593535921, 0.6310227484713922, 0.6550604494083169, 0.6455098911566484, 0.6300667114721524, 0.637679936964312, 0.6305574598202301, 0.6301891685172617]","[0.6043288806343311, 0.6016582807738643, 0.6035402004691832, 0.599181137935903, 0.7007984031936128, 0.6217427638076427, 0.5997031172686788, 0.6080880166517991, 0.5992377188029361, 0.6037789661319073]","[0.6044983934309175, 0.6084836665041442, 0.6060606060606061, 0.612105478890559, 0.5284680717206669, 0.6071794871794871, 0.6097981120374837, 0.6169718105201977, 0.6112556483636862, 0.6054668086616969]","[0.6915926817871005, 0.6901654438571714, 0.691174900698806, 0.6886630237137472, 0.778152459861758, 0.7043135624090002, 0.6889482923179258, 0.6933614197258291, 0.6887630914173801, 0.6910865069280595]","[0.6017925736235595, 0.6020422635087221, 0.6020422635087221, 0.6019858156028369, 0.6605832549388523, 0.6037179108881676, 0.6019582801191996, 0.5999706615813407, 0.6020422635087221, 0.6015913611821541]","[0.6068866571018652, 0.6012747875354107, 0.6050456100342075, 0.5964024732996065, 0.7462274176408077, 0.6408770555990603, 0.5974647887323944, 0.6164280331574982, 0.5964591822397077, 0.6059825390010019]",0.607635499326775,0.0041639277989276085,0.6350915536759307,0.008186209137772266,0.6142057485669857,0.029546728090215968,0.6010288083369445,0.02444152206440103,0.7006221382716779,0.026207410421184074,0.6077726648462278,0.01762398340030465,0.6213048544341561,0.04350460936604753
41,gaussianNB_model,JNJ HTE 2024,Outter Clusters,"[0.5245011327597717, 0.5279785912458508, 0.5260000012855139, 0.5301526740819982, 0.5234126006117537, 0.5315032338524899, 0.5286465821206631, 0.5306468885098956, 0.5295498079940719, 0.5248076831019918]","[0.5249646216598685, 0.5285657959060536, 0.5265243604086135, 0.5308176090439333, 0.5208729202023887, 0.5322514315217383, 0.5292415794907759, 0.5304913958685082, 0.5301904558877276, 0.5253188292365101]","[0.5717956954706072, 0.5713557918869006, 0.5717938882495844, 0.5699251933561557, 0.6391792867611138, 0.5796579657965797, 0.5702857142857143, 0.5694369973190347, 0.5699797160243408, 0.5713919507818508]","[0.46418522389259587, 0.47269878574226404, 0.467652201557781, 0.4793553338449731, 0.3988279342340876, 0.4672224659938569, 0.47575522850503493, 0.47755367599219256, 0.47807354977688876, 0.4652166959859268]","[0.6681074142719113, 0.6676902988636814, 0.6680891341535613, 0.6664886701532247, 0.7298897871976667, 0.6727390045872462, 0.6669486693753702, 0.6639503062941245, 0.6666306470615557, 0.6677044573866674]","[0.5177428737638162, 0.519032743260442, 0.5184326454903779, 0.5191730191730192, 0.591500904159132, 0.5194837428642343, 0.5191907514450868, 0.5127338563669281, 0.5192285483312161, 0.5173494255541372]","[0.6384505021520803, 0.6354107648725212, 0.637400228050171, 0.6316750983698707, 0.6952178533475026, 0.6555990602975724, 0.6325352112676056, 0.640241145440844, 0.6317268512013489, 0.6380420781451267]",0.5277199195564001,0.002709720282663298,0.5279238999226118,0.003289338086538702,0.5784802199931882,0.020421879386618495,0.46465410955256015,0.022582658319497222,0.673823838934501,0.018802925910674295,0.5253868510408389,0.02211946492713022,0.6436298793144644,0.018406972230797822
42,rf_model,Merck 2025,Outter Clusters,"[0.5, 0.5, 0.5, 0.49996176200672987, 0.5, 0.5000338036020493, 0.499935171786137, 0.5, 0.5, 0.5]","[0.5192472661502074, 0.5107709115945465, 0.5101073520371106, 0.499073919233805, 0.490177538061069, 0.5063774663399713, 0.5243676754023792, 0.5188852520898847, 0.4981678451863091, 0.5064108394850497]","[0.0, 0.0, 0.0, 0.0, 0.0, 0.0005918327086210297, 0.00019716088328075712, 0.0, 0.0, 0.0]","[0.7211300181728069, 0.7211977761875928, 0.7210903083700441, 0.7208622780901973, 0.7213619736516405, 0.72154125212994, 0.7215266337177375, 0.7212022790454433, 0.721601361926467, 0.7216104138631807]","[0.4418167843463525, 0.44260669227360827, 0.4371063759390744, 0.43193729171247525, 0.42547056481222034, 0.43432074285660927, 0.44210738653229287, 0.44270025794693424, 0.43578974986653174, 0.43464744985328657]","[0.0, 0.0, 0.0, 0.0, 0.0, 0.5, 0.25, 0.0, 0.0, 0.0]","[0.0, 0.0, 0.0, 0.0, 0.0, 0.00029609159099881565, 9.861932938856015e-05, 0.0, 0.0, 0.0]",0.4999930737394916,2.5155107050459404e-05,0.5083586065580332,0.010113692630982609,7.889935919017869e-05,0.0001808002433857722,0.7213124295155049,0.00024155764916244127,0.43685032961393855,0.005345451884643339,0.075,0.16007810593582122,3.947109203873758e-05,9.045238046726814e-05
43,gradient_boosting_model,Merck 2025,Outter Clusters,"[0.475794775329392, 0.47705283158355216, 0.4761045884222933, 0.4767330327166158, 0.4772450096958455, 0.4775604368113935, 0.4773346936827498, 0.4757339502917516, 0.47617557353096374, 0.477273898961905]","[0.4547900353896999, 0.4550126217514549, 0.455686107332437, 0.45375418918459604, 0.45530322637713155, 0.456307036531343, 0.4552407483782816, 0.45210259901299643, 0.45536688057312336, 0.4554023374967693]","[0.11320449583569177, 0.11935976835840104, 0.1134028957372806, 0.11177904142973193, 0.11924686192468618, 0.11999356602863118, 0.11957569913211186, 0.11973072607789709, 0.1130153597413096, 0.11986824134329557]","[0.6781889139939552, 0.67826393582322, 0.678440461172881, 0.6792795963862489, 0.6786448241442076, 0.679026107362863, 0.6788980070339977, 0.6767700547348597, 0.6790686790686791, 0.6787672638770783]","[0.39445362544668805, 0.3958794374955754, 0.39460223971465275, 0.3951093539483687, 0.395958530854354, 0.39583907268913526, 0.39561256297419234, 0.3932852658681308, 0.3942270446386255, 0.39525614151611255]","[0.31263957123715946, 0.3221884498480243, 0.31392745185848636, 0.3148741418764302, 0.32259468872442315, 0.32406602953953084, 0.3229166666666667, 0.31800766283524906, 0.31331241595696996, 0.3229437229437229]","[0.06911532385466035, 0.07324777887462981, 0.06920039486673248, 0.06795061728395062, 0.07314184187148356, 0.07362810896170549, 0.07337278106508875, 0.07374864251160035, 0.06894171022783312, 0.07359179244352372]",0.47670087910264625,0.0006540167072977711,0.45489657820278334,0.0011184691069325125,0.11691766556090369,0.003351256776791699,0.6785347843597991,0.0006778956963927457,0.39502232751458355,0.0008269559357295469,0.3187470801486663,0.0044220814999606645,0.07159389919612083,0.0023075566924370262
44,lr_model,Merck 2025,Outter Clusters,"[0.48306265144071125, 0.48281798533278947, 0.482902055636406, 0.483210239096035, 0.4826262351783974, 0.48239857641508327, 0.48237729164996995, 0.48271883949625966, 0.4823724694028499, 0.4823603194313713]","[0.4454488993724918, 0.4454810144054629, 0.44564065770414174, 0.44593688559570077, 0.44520406662352585, 0.4448626831084821, 0.44493869422664944, 0.4454438551780573, 0.4449347824748927, 0.44482027566530946]","[0.12993076799227177, 0.1298366985761403, 0.1298680399098809, 0.12988477963097253, 0.12962367320681892, 0.12966979995179562, 0.12998475487442832, 0.1295461860315417, 0.12999518536350507, 0.12987638465243215]","[0.6823418763225958, 0.6821614315517293, 0.6821468461583682, 0.6822982554205524, 0.6821518764315498, 0.6821022977374769, 0.6820327849623178, 0.6821227080394923, 0.6820154856874707, 0.682036841487739]","[0.3976243037668964, 0.397473136896407, 0.3977173839424175, 0.3983525010432486, 0.39698419930895645, 0.3964609269940465, 0.3965189298624209, 0.39747440345673324, 0.3965281056633111, 0.3963846067952017]","[0.35178727114210984, 0.35071707953063885, 0.35117493472584854, 0.352580927384077, 0.34967462039045555, 0.3485961123110151, 0.3486870426173052, 0.3501522401043932, 0.3486870426173052, 0.34855665661352864]","[0.07968009478672985, 0.07966436327739387, 0.07966436327739387, 0.07960493827160493, 0.07955779291284178, 0.07964863797868141, 0.07988165680473373, 0.07947477539737388, 0.07988953545714568, 0.0798066489099339]",0.48268466630798723,0.00029456883973767435,0.4452711814354714,0.0003582607714053596,0.12982162701897876,0.00014700946056910927,0.6821410403799292,0.00010285731099666474,0.3971518497729639,0.0006384088438896135,0.3500613927436677,0.0013908059592410793,0.0796872807073833,0.00012815576708909227
45,mlp_model,Merck 2025,Outter Clusters,"[0.48915797607349865, 0.48924246586468717, 0.48936794184196514, 0.4897233797476481, 0.48910573906711513, 0.4888975500544376, 0.48896900552514383, 0.48926951251834316, 0.48896515752201175, 0.4888173295451943]","[0.4710536367787471, 0.47106686499412387, 0.4712667660995075, 0.4716177107055052, 0.47076715418440873, 0.47041317367790103, 0.47046888005602283, 0.471098540603936, 0.47045197703219016, 0.47035824608556187]","[0.13286656354310836, 0.13272534809868905, 0.13276859167549074, 0.13280039154906598, 0.1328016925705916, 0.13271529641375945, 0.13333333333333333, 0.13260568542803616, 0.13334416111742733, 0.13291087821918923]","[0.6882299563855633, 0.6884123687212942, 0.6884382407163551, 0.6886331019535484, 0.6884009239495922, 0.6884038916644755, 0.6883704633711932, 0.6884708773366879, 0.6883541642331503, 0.6882976548582109]","[0.43368612105312676, 0.43367377000654017, 0.4339698144299327, 0.4345344125044769, 0.4332234307886713, 0.43270011867569225, 0.43284911605234677, 0.4336672249464413, 0.4328538355909931, 0.43262614908664443]","[0.3786542923433875, 0.3788935378893538, 0.3795994410805775, 0.38144329896907214, 0.37812789620018533, 0.376905311778291, 0.3774712643678161, 0.3789571694599628, 0.3774712643678161, 0.3766114180478821]","[0.08056872037914692, 0.08045409674234946, 0.08045409674234946, 0.08039506172839506, 0.08054486230381996, 0.08053691275167785, 0.08096646942800789, 0.08036331325895943, 0.08097445507446493, 0.08069448554799251]",0.48915160577600447,0.0002534599318512061,0.4708562950217904,0.00040695521903500744,0.1328871941948691,0.00023932142245531852,0.6884011643190071,0.00010165657205911296,0.43337839931348654,0.0005963860528107252,0.3784134894504344,0.0013619635981133248,0.08059524739571636,0.00020780098691348129
46,knn_model,Merck 2025,Outter Clusters,"[0.4530100848882302, 0.453263821277446, 0.4533651118883307, 0.45346179033116935, 0.4530935653417582, 0.4528936544843406, 0.45291400532553383, 0.4532757600226297, 0.4529345709553493, 0.45277684758239733]","[0.44320176351332197, 0.4435025179459878, 0.44365768491851065, 0.4438189501829759, 0.44328850168632006, 0.4430672923953697, 0.44315177981550036, 0.4434966212403767, 0.4431718443918723, 0.44296299848717424]","[0.38399369209540707, 0.3840922531046718, 0.3842058562555457, 0.3843079200592154, 0.3839448411721251, 0.38380160409388375, 0.38395753465054555, 0.38417188192972945, 0.3839952811639796, 0.3837340807395388]","[0.5220616349315592, 0.5224667583677213, 0.5225500687968201, 0.5226307533381797, 0.5222837502386862, 0.5220411434678066, 0.5219314974445038, 0.5224137272136661, 0.5219348439765011, 0.5218784572540343]","[0.41668719050831743, 0.41679387049165695, 0.4170046846777818, 0.4173324773222196, 0.416439970303196, 0.4161489465865588, 0.416272334975086, 0.4167662812169909, 0.41629767716707816, 0.416080389566018]","[0.38331365604092876, 0.3834875024601456, 0.3837140606538007, 0.38402366863905324, 0.3831334774916454, 0.3826906093612011, 0.38271604938271603, 0.3835104289649744, 0.38275355218030377, 0.38254901960784315]","[0.38467614533965244, 0.3846989141164857, 0.3846989141164857, 0.3845925925925926, 0.3847596486032968, 0.38491906829846034, 0.385207100591716, 0.38483562049560666, 0.38524509320445804, 0.3849265068560718]",0.4530989212097185,0.00021817121542639135,0.443331995457741,0.00026126283340999364,0.3840204945264642,0.00016912338267435818,0.5222192635029478,0.000268031825175028,0.41658238228149036,0.0003831244476588931,0.3831892024782612,0.00047483338279661626,0.3848559604214826,0.00021080701724294958
47,gaussianNB_model,Merck 2025,Outter Clusters,"[0.5145606228816396, 0.5146305327340512, 0.5145756369939922, 0.5145225141527783, 0.5146747954096591, 0.5147502096469783, 0.5148006136580642, 0.5146342771334285, 0.5147965839518666, 0.5147547971688762]","[0.514289922139041, 0.5143893504424167, 0.5143341146990612, 0.5142803364188089, 0.5144049131457967, 0.5144810587074681, 0.514444422432318, 0.5143930940663171, 0.514440329646228, 0.5143984446122075]","[0.312824899651247, 0.31280431635741546, 0.31280431635741546, 0.31292785676671936, 0.31276315789473685, 0.3127220102618077, 0.31266846361185985, 0.312824899651247, 0.31268902038132806, 0.3126191885315973]","[0.6658133060257928, 0.6659630269302117, 0.6658133879431716, 0.6655559115668055, 0.6661553211888782, 0.6664325394291553, 0.666539087168692, 0.665962959408886, 0.6665178001786397, 0.6664965063969627]","[0.5183220988108117, 0.5183585409090901, 0.5184087806215093, 0.5185776519322887, 0.5181940090723018, 0.5180361187136793, 0.5179469848767324, 0.5183629800733931, 0.5179585645736402, 0.517887249922615]","[0.4689287827973959, 0.4690213101815312, 0.4690213101815312, 0.4691138740872311, 0.4689287827973959, 0.46883629191321496, 0.46894103727075526, 0.4690213101815312, 0.46894103727075526, 0.46883629191321496]","[0.2346958925750395, 0.23464955577492597, 0.23464955577492597, 0.23476543209876544, 0.23462639423551476, 0.2346032372680616, 0.23451676528599605, 0.23467272188764932, 0.2345398954532005, 0.2344875209628095]",0.5146700583731334,9.601256588193932e-05,0.5143855986309663,6.249911748178579e-05,0.31276481294653735,8.659915524082092e-05,0.6661249846237196,0.0003361378169789475,0.5182052979506062,0.00022350588061204323,0.4689590028594557,8.259520933832398e-05,0.23462069713168882,8.147313593448754e-05
